"","sample","pcrid","subgroup","Edit.tag.plate","plate","well","ftag","rtag","band","vol","X1_Pasteuria.penetrans_1.0","X111_Pasteuria.HcP_0.99","X132_Pasteuria.hartismeri_0.99","X179_Pasteuria_0.95","X186_Pasteuria_0.95","X234_Pasteuria.hartismeri_0.99","X247_Pasteuria_0.98","X254_Pasteuria.luffness_0.98","X26_Pasteuria.hartismeri_0.99","X270_Pasteuria.Plectid.infective_0.98","X317_Pasteuria.hartismeri_0.95","X336_Pasteuria.penetrans_0.96","X363_Pasteuria.penetrans_0.97","X368_Pasteuria.Plectid.infective_0.98","X370_Pasteuria.goettingianae_0.96","X393_Pasteuria.goettingianae_0.96","X399_Pasteuria_0.98","X4_Pasteuria.luffness_0.98","X403_Pasteuria.penetrans_0.97","X411_Pasteuria.Plectid.infective_1.0","X421_Pasteuria.goettingianae_0.96","X429_Pasteuria.penetrans_0.97","X435_Pasteuria.goettingianae_0.96","X441_Pasteuria_0.95","X462_Pasteuria.penetrans_0.96","X469_Pasteuria.Plectid.infective_0.94","X485_Pasteuria.aldrichii_0.98","X511_Pasteuria.goettingianae_0.97","X525_Pasteuria.Plectid.infective_0.96","X543_Pasteuria_0.92","X565_Pasteuria.goettingianae_0.98","X570_Pasteuria.luffness_0.98","X579_Pasteuria.penetrans_0.95","X589_Pasteuria.Plectid.infective_0.95","X590_Pasteuria_0.96","X591_Pasteuria_0.95","X605_Pasteuria_0.91","X611_Pasteuria.Plectid.infective_0.97","X631_Pasteuria.Plectid.infective_0.96","X644_Pasteuria.luffness_0.98","X645_Pasteuria.aldrichii_0.98","X646_Pasteuria.hartismeri_0.98","X647_Pasteuria.penetrans_0.96","X652_Pasteuria.penetrans_0.96","X653_Pasteuria_0.95","X684_Pasteuria.goettingianae_0.96","X692_Pasteuria_0.95","X694_Pasteuria.penetrans_0.97","X695_Pasteuria.hartismeri_0.97","X707_Pasteuria.goettingianae_0.91","X709_Pasteuria.Plectid.infective_0.92","X712_Pasteuria.luffness_0.98","X722_Pasteuria.Plectid.infective_0.94","X723_Pasteuria.Plectid.infective_0.94","X724_Pasteuria_0.96","X729_Pasteuria.Plectid.infective_0.96","X731_Pasteuria.goettingianae_0.95","X736_Pasteuria.Plectid.infective_0.97","X745_Pasteuria.nishizawae_0.94","X748_Pasteuria.penetrans_0.96","X754_Pasteuria.goettingianae_0.96","X756_Pasteuria_0.96","X757_Pasteuria.luffness_0.91","X764_Pasteuria.Plectid.infective_0.96","X765_Pasteuria.Plectid.infective_0.93","X768_Pasteuria.penetrans_0.96","X771_Pasteuria.Plectid.infective_0.97","X777_Pasteuria.luffness_0.96","X780_Pasteuria.goettingianae_0.95","X786_Pasteuria.luffness_0.97","X787_Pasteuria.Plectid.infective_0.99","X790_Pasteuria.nishizawae_0.96","X801_Pasteuria_0.96","X807_Pasteuria.goettingianae_0.92","X808_Pasteuria.luffness_0.95","X819_Pasteuria.penetrans_0.94","X820_Pasteuria_0.93","X823_Pasteuria.goettingianae_0.95","X827_Pasteuria_0.92","X836_Pasteuria_0.96","X839_Pasteuria.Plectid.infective_0.94","X84_Pasteuria.hartismeri_0.995","X844_Pasteuria.luffness_0.93","X849_Pasteuria.luffness_0.97","X857_Pasteuria_0.94","X864_Pasteuria.Plectid.infective_0.96","X883_Pasteuria.penetrans_0.91","X884_Pasteuria.luffness_0.97","X892_Pasteuria_0.91","X917_Pasteuria.aldrichii_0.94","X924_Pasteuria.goettingianae_0.94","X926_Pasteuria.Plectid.infective_0.96","X927_Pasteuria_0.96","X930_Pasteuria.Plectid.infective_0.94","X938_Pasteuria_0.96","X942_Pasteuria.goettingianae_0.92","X944_Pasteuria.luffness_0.95","abundance","perul","SITE.NGR","SITE.NAME","OBSERVATION.NO","NSIS2.EASTING","NSIS2.NORTHING","NSIS2.ALTITUDE","NSIS2.SLOPE","NSIS2.VEGETATION","NSIS2.MAX.ROOT.DEPTH","NSIS2.MSG","SITE.DRAINAGE","Horizon","RECORD.TYPE","NSIS2.FIELD.HORZ.TOP","NSIS2.FIELD.HORZ.BOTTOM","NSIS2.DBD.AVG.FINE.EARTH.ONLY","NSIS2.CARBON","NSIS2.CLAY","NSIS2.PH.H20","NSIS2.EXCH.CA","NSIS2.EXCH.MG","NSIS2.EXCH.NA","NSIS2.EXCH.K","NSIS2.EXCH.MN","NSIS2.EXCH.FE","NSIS2.EXCH.AL","NSIS2.EXCH.H","NSIS2.BASE.SAT","NSIS2.TOTAL.P","NSIS2.OXAL.ALUMINIUM","NSIS2.OXAL.IRON","NSIS2.OXAL.MANGANESE","NSIS2.OXAL.PHOSPHORUS","NSIS2.OXAL.SILICON","NSIS2.AQR.SILVER","NSIS2.AQR.ARSENIC","NSIS2.AQR.BARIUM","NSIS2.AQR.CADMIUM","NSIS2.AQR.COBALT","NSIS2.AQR.CHROMIUM","NSIS2.AQR.COPPER","NSIS2.AQR.MERCURY","NSIS2.AQR.MOLYBDENUM","NSIS2.AQR.NICKEL","NSIS2.AQR.LEAD","NSIS2.AQR.PLATINUM","NSIS2.AQR.SELENIUM","NSIS2.AQR.STRONTIUM","NSIS2.AQR.ZINC","NSIS2.AQR.ALUMINIUM","NSIS2.AQR.BORON","NSIS2.AQR.CALCIUM","NSIS2.AQR.IRON","NSIS2.AQR.POTASSIUM","NSIS2.AQR.MAGNESIUM","NSIS2.AQR.MANGANESE","NSIS2.AQR.SODIUM","NSIS2.AQR.PHOSPHORUS","NSIS2.AQR.SULPHUR","NSIS2.AQR.TITANIUM","FIELD.MOISTURE.105","PICO.GREEN.DNA"
"1",926250,575,NA,6,"NSIS 1","4G","CAAGCA","TTCTGC",2,10,1,0,9,0,0,0,1,0,610,0,3,0,0,0,0,0,0,29,0,0,0,0,0,0,50,0,0,0,0,0,0,0,0,3,0,0,0,0,0,0,0,0,0,0,0,0,0,0,0,0,0,0,0,0,0,0,0,0,0,0,0,0,0,43,0,0,0,0,0,1,0,0,0,0,0,0,0,0,0,0,0,1,0,1,0,0,0,0,0,0,0,0,0,0,2,0,0,766,76.6,"NX800600","CRAIGTON ROW","V0",280050,560017,100,2," A1A",45,"EART","REC","A","MIN",0,15,0.455174188,13.6243057,0,5.48,21.89409176,2.25999467,0.35970463,1.39910512,0.2138673,0.04418387,0.26421035,11.56411379,69.14344608,2512.725307,5756.60066,5024.669967,155.4455446,1258.622112,797.4834983,0.052547953,12.25994688,57.44022007,0.696309619,7.889379624,65.69159552,16.06090305,-0.161407551,-0.403678581,36.5030203,53.22935686,-0.006334927,0.639348511,26.52151774,103.7011573,24530.54069,48.93864162,6696.922785,23673.46234,1893.557579,9757.916904,350.5503699,223.2662493,2094.784671,1861.084424,893.8102827,57.73,116.3491822
"2",926282,595,NA,7,"NSIS 1","7C","CAGTTG","CACTTC",2,10,1,1,0,0,0,0,0,2,6,0,0,0,0,0,0,0,0,935,0,9,0,0,0,0,0,0,0,1,0,0,0,0,0,0,0,0,0,0,0,0,0,0,0,0,0,0,0,0,0,0,0,0,0,0,0,0,0,0,0,0,0,0,0,0,0,0,0,0,0,0,0,0,0,0,0,0,0,0,0,0,0,0,0,1,0,0,0,0,0,0,0,0,0,0,0,0,0,956,95.6,"NT600800","BINNING WOOD","V0",360023,680043,18,0," Y4F",60,"EART",NA,"L","ORG",0,2,0.094502662,40.1155474,0,3.82,14.51438311,3.72799795,0.65417946,0.95033046,0.75300122,0.07461263,0.21604512,67.8291914,22.63660789,956.5343905,933.5749588,1283.069193,215.4579901,160.461285,40.65897858,-0.080477606,0.907424386,51.32416118,0.33636049,2.245707396,4.891214588,6.371465073,-0.442202805,-2.863579808,9.342979813,43.90088121,-0.02074994,-0.70598256,29.93542276,42.96471089,3890.063032,11.65256707,4438.548703,4136.771446,718.5382565,741.5570326,342.8586132,209.9224275,865.3517905,2077.196738,99.71865994,72.67,213.9324231
"4",926316,596,NA,7,"NSIS 1","7D","CAGTTG","GAAGTC",2,10,6,0,0,3,0,0,0,0,356,2,1,0,0,0,2,0,1,44,0,25,0,12,0,0,0,0,0,0,0,0,0,0,0,23,0,0,0,0,0,0,0,0,0,0,0,0,0,0,0,0,0,0,0,0,0,0,0,0,0,44,0,0,0,0,0,0,0,0,0,0,0,0,0,0,1,0,0,0,0,0,0,0,0,4,0,0,0,4,0,0,0,0,0,0,14,0,0,544,54.4,"NS800000","CHANLOCK 84","V0",279989,600013,223,14," N3C",50,"EART","SH","A","MIN",2,6,0.611994466,10.5744836,3.583,5.5,12.47980315,2.21958655,0.24895584,0.65476779,0.22532011,0.04592484,0.14873641,16.53846687,48.54494779,3162.60516,4470.559211,8225.246711,683.3881579,1899.876645,311.3075658,0.771247709,12.76026466,76.3425724,0.547017476,10.96120814,50.15978169,21.93806025,0.015002567,-0.498990489,38.0148465,78.63702129,-0.085520368,0.226733268,31.33487142,96.26256055,21025.49535,50.48309039,3900.041659,31470.45249,2447.238335,8270.445343,948.024567,141.4214866,2622.450796,1172.776266,205.6139091,46.57,63.70087873
"5",926369,576,NA,6,"NSIS 1","4H","CAAGCA","TCAAGC",1,10,0,0,0,0,0,0,0,0,326,0,0,0,0,0,0,0,0,727,0,0,0,0,0,0,0,0,0,0,0,0,0,0,0,0,0,0,0,0,0,0,0,0,0,0,0,0,0,0,0,0,0,0,0,0,0,0,0,0,0,0,0,0,0,0,0,0,0,0,0,0,0,0,0,0,0,0,0,0,0,0,0,0,0,0,0,0,0,0,0,0,0,0,0,0,0,0,0,1053,105.3,"NT400200","LANGHOPE","V0",340008,620020,290,6," X6",74,"GLEY",NA,"A","MIN",1,27,0.694868127,3.3886233,6.084,4.61,3.5092681,1.42957192,0.12370096,0.13639201,0.09338018,0.03006323,0.12705033,12.38307966,29.56961239,915.4614147,2690.759076,10192.9868,190.5940594,481.3943894,232.6320132,0.61803998,6.893325581,249.780473,0.16269069,13.6173954,58.16243459,14.16106542,0.068163911,-0.912955322,41.10350536,40.50341675,-0.077806361,-0.058213724,18.84380817,101.0918506,24577.98823,43.91930576,1060.156546,29912.10922,2549.094355,6200.915645,309.2764379,95.44999186,773.4475428,455.1954206,62.36818382,37.71,85.69526035
"6",926380,598,NA,7,"NSIS 1","7F","CAGTTG","ACCATC",2,10,0,0,0,106,0,0,0,3,2,0,0,0,20,0,1,1,0,204,0,1,0,0,0,0,0,0,0,0,0,0,0,0,0,0,0,0,0,0,0,0,0,0,0,0,0,0,0,0,0,0,0,0,0,0,0,0,0,0,0,0,0,0,0,0,0,40,0,0,0,0,0,0,0,0,0,0,0,0,0,0,0,0,0,2,0,0,0,0,0,0,0,0,0,0,0,0,0,380,38,"NT600000","WORMSCLEUCH","V0",359962,599963,285,4," Y3B",66,"GLEY","NOR","H","ORG",5,16,0.239343591,32.2900386,0,3.63,0.21359412,1.03746457,0.63105343,0.55671352,0.00488234,0.11611896,0.26754676,62.055197,3.781475461,2368.506641,3289.752066,3424.876033,8.429752066,671.6115702,-8.47107438,0.55833102,6.634117244,25.75637458,0.374467411,2.445253408,12.02185137,11.44727759,-0.123533362,-0.495017409,6.635222193,163.0905572,0.071446039,2.745799692,3.499375302,16.94992647,10586.52187,26.57403726,243.972866,7373.328509,1646.374866,902.4123173,18.49685587,262.8675037,2302.714913,3533.628739,85.72198797,72.03,50.79853223
"10",926563,582,NA,7,"NSIS 1","5F","CACAGT","ACCATC",2,10,0,1,0,15,0,2,2,0,336,0,0,0,0,0,0,0,0,0,0,0,0,0,0,1,0,0,0,0,0,0,80,0,0,0,0,10,0,0,0,0,0,1,0,0,0,0,2,0,0,0,0,0,0,0,0,62,14,0,0,0,0,0,0,0,0,0,0,0,0,0,0,0,0,0,0,0,0,0,0,12,0,1,0,0,0,0,0,0,0,0,0,0,0,0,0,0,0,539,53.9,"NX400600","WOOD OF AUCHLEAND","V0",240040,560034,25,0," Y3B",55,"PEAT","REC","O","ORG",0,21,0.314003539,27.5268124,0,3.92,0.32387752,0.26928738,0.11382834,0.29062104,0.00859417,0.28634729,1.81286255,64.81105531,1.515931391,2713.650188,11338.57616,5453.559603,9.437086093,1603.021523,77.19370861,0.7821425,7.624765604,28.57741921,0.236103648,1.855902785,34.75252414,35.24136321,0.123333534,-0.191714814,11.48490854,46.27676457,-0.078776134,2.378454886,2.612760506,18.7500684,27436.79473,20.70542465,296.0566689,15457.42828,1406.395601,2807.172363,63.88620849,70.01074387,2164.938974,4109.619427,231.83333,66.41,133.1013809
"12",926740,587,NA,7,"NSIS 1","6C","CAGGAT","CACTTC",3,5,0,0,1,4,0,0,0,0,1004,0,0,91,95,0,0,0,0,25,1,0,0,0,0,0,0,0,0,169,0,0,0,160,0,0,191,16,0,0,0,131,0,0,0,0,0,0,0,0,0,0,0,0,0,0,67,0,0,0,0,0,0,0,0,0,0,0,0,0,0,0,0,33,0,0,0,0,0,21,0,0,0,3,0,1,0,0,0,1,0,0,0,0,0,0,0,0,0,2014,402.8,"NT000200","WHELPHILL","V0",300029,619960,430,10,"CU1B",45,"PODZ","NOR","O","ORG",2,13,0.179878485,44.3082253,0,3.74,2.01202356,3.3371495,0.67384019,1.21498792,0.06162577,0.04020712,0.1266544,70.41870702,9.320509893,1899.141544,2348.831169,1773.738636,4.355519481,439.6103896,-41.36363636,0.397574711,8.845588599,38.16447992,0.658623344,2.170731001,8.476508238,13.64138965,-0.10815513,-0.572579381,8.111915176,242.8750706,0.068173293,2.012553703,10.8895534,53.3315513,5481.236005,13.17022323,903.1811517,3012.099606,1028.601165,755.5490072,44.69350029,239.6217787,1873.447427,4626.405502,47.39709808,80.17,368.9516395
"13",926753,588,NA,7,"NSIS 1","6D","CAGGAT","GAAGTC",2,10,1,0,0,34,0,0,268,1,2,0,0,0,0,0,54,0,0,510,0,0,0,0,0,16,0,0,0,0,0,0,0,0,0,0,0,175,0,0,0,0,0,0,0,0,0,32,0,0,0,0,0,0,0,0,0,0,0,0,0,0,0,0,0,0,0,0,0,0,0,1,0,0,0,0,2,0,0,0,0,0,0,0,0,1,0,0,1,0,0,0,0,0,0,0,0,0,0,1098,109.8,"NT000000","FOREST OF AE","V0",300027,600043,475,6,"ES1A",90,"PEAT","NOR","L","ORG",0,9,0.061217166,44.7325633,0,3.81,4.38860033,6.59197505,1.37543889,0.94332773,0.03707998,0.1180971,0.04859716,81.37777936,14.04704939,762.7901326,382.822186,2191.554649,27.54539967,174.5513866,-32.70799347,1.770272978,6.972186229,33.91634105,2.347028581,3.103811944,4.995214712,16.39141646,0.239147988,1.116838884,6.495446049,232.1469084,0.487075107,2.09476746,23.80367055,72.72232497,961.8149795,-3.197159672,1167.957878,3082.697577,541.7502051,929.6989161,-6.754374865,366.2787028,1036.493162,3276.060727,-4.34733703,92.53,564.9165913
"17",926825,603,NA,7,"NSIS 1","8C","CCATAC","CACTTC",2,10,12,2,0,139,0,0,2,0,2261,0,0,0,2,0,0,0,0,97,0,1,0,0,0,0,0,0,1,0,0,0,208,0,0,0,0,0,0,0,0,0,0,0,0,0,0,2,86,0,0,0,0,0,0,0,0,0,0,0,0,0,0,0,0,0,0,0,0,0,0,0,0,0,0,0,0,0,0,0,0,0,0,7,1,1,0,0,0,2,0,0,0,0,0,0,0,0,0,2825,282.5,"NG400000","RHUM","V0",140024,799988,25,5," M2",70,"PODZ","NOR","A","MIN",0,22,0.811443931,7.6596304,1.768,4.81,0.95915227,1.00546226,0.27201329,0.22865245,0.04330061,0.03109751,0.43425888,16.32984486,13.11659408,1046.03865,4150.660066,4497.442244,30.69306931,569.5132013,182.4339934,-0.010906667,13.61007333,24.23244351,0.173266106,3.311801739,55.77390474,8.275627571,-0.205262443,-0.687998769,17.04231362,106.5855344,-0.009299097,1.137704952,8.797700266,25.11634876,14349.24556,22.08729332,744.3412681,12943.26761,678.6945035,2120.85571,97.79817217,173.8347003,690.5832876,972.2957815,634.2407889,33.17,56.48079353
"18",926828,566,NA,6,"NSIS 1","3F","CAACTC","ACCATC",1,10,0,0,0,0,1,0,0,0,1,0,0,0,0,0,1,0,0,3,0,0,538,0,0,0,0,0,0,0,0,0,0,0,0,0,0,0,0,0,0,0,0,0,0,0,0,0,8,0,0,0,0,0,0,0,0,0,0,0,0,0,0,0,0,0,0,0,0,0,0,0,0,0,0,0,0,0,0,0,0,0,0,0,0,0,0,0,0,0,0,0,0,0,0,0,0,0,0,552,55.2,"NR400600","ISLAY","V1",140062,659966,NA,NA,"ES1E",NA,"PEAT","NOR","O","ORG",0,19,0.069303394,46.7477837,0,3.77,NA,NA,NA,NA,NA,NA,NA,NA,NA,NA,NA,NA,NA,NA,NA,NA,NA,NA,NA,NA,NA,NA,NA,NA,NA,NA,NA,NA,NA,NA,NA,NA,NA,NA,NA,NA,NA,NA,NA,NA,NA,92.28,154.433048
"19",926835,604,NA,7,"NSIS 1","8D","CCATAC","GAAGTC",2,10,4,0,0,36,0,0,85,0,25,296,0,0,0,1,139,0,0,119,0,0,1,0,0,4,0,0,0,0,0,0,1,0,0,0,0,0,0,0,0,0,0,0,0,0,0,0,0,0,0,0,0,69,0,0,0,0,0,0,0,0,0,0,0,0,0,0,0,7,0,2,0,0,0,0,4,0,0,1,0,0,0,0,18,1,0,0,15,2,0,0,0,0,0,13,0,0,0,849,84.9,"NR400600","ISLAY","V0",140062,659982,137,5,"ES1E",70,"PEAT",NA,"O","ORG",0,19,0.10952381,47.7799507,0,4.01,2.86477396,7.15496899,1.9943644,1.27828281,0.00806298,0.02636615,0.02314498,56.13822888,19.1448533,684.240002,531.8962723,1736.341977,16.11993517,68.39546191,-9.400324149,0.417994057,9.271828606,15.22451669,0.966468426,1.959925272,3.303905123,6.982165768,-0.169548227,-0.852964702,4.033027795,136.2479978,0.072640207,3.605348377,28.76225705,47.8282708,1193.802345,14.2559806,1363.568221,2263.545012,713.3431516,1286.302983,-6.518574337,585.6922718,475.4532768,2681.430245,88.94208357,89.02,180.5913615
"21",926839,573,NA,6,"NSIS 1","4E","CAAGCA","TAGCTC",2,10,0,0,0,0,0,0,0,3,2,0,0,0,0,0,0,0,0,597,0,0,0,0,0,0,0,0,0,0,0,0,0,0,0,0,0,0,0,0,0,0,0,0,0,0,0,0,0,0,0,0,0,0,0,0,0,0,0,0,0,0,0,0,0,0,0,0,0,0,0,0,0,0,0,0,0,0,0,0,0,0,0,0,0,0,0,0,0,0,0,0,0,0,0,0,0,0,0,602,60.2,"NR600800","JURA","V5",159994,680012,90,25," Y3B",NA,"RANK","SH","H","ORG",6,8,0,32.1193479,0,3.78,NA,NA,NA,NA,NA,NA,NA,NA,NA,NA,NA,NA,NA,NA,NA,NA,NA,NA,NA,NA,NA,NA,NA,NA,NA,NA,NA,NA,NA,NA,NA,NA,NA,NA,NA,NA,NA,NA,NA,NA,NA,57.84,124.4541036
"30",968531,621,NA,7,"NSIS 1","10E","CGATCT","TAGCTC",2,10,1,0,0,2,0,0,0,0,1,0,0,0,0,0,57,0,0,238,0,29,0,0,0,11,0,0,0,0,0,0,0,0,0,0,0,0,0,0,0,0,0,1,0,0,0,0,0,0,0,0,0,0,0,0,0,0,0,0,0,0,0,0,0,0,0,0,0,0,0,0,0,0,0,0,3,0,0,1,0,0,0,0,0,0,0,0,0,0,0,0,0,0,0,0,0,0,0,344,34.4,"NC400200","SALLACHY","V8",240037,920014,420,NA,"ES1F",NA,"GLEY","NOR","O","ORG",0,13,0.09299639,46.8495766,0,3.97,NA,NA,NA,NA,NA,NA,NA,NA,NA,NA,NA,NA,NA,NA,NA,NA,NA,NA,NA,NA,NA,NA,NA,NA,NA,NA,NA,NA,NA,NA,NA,NA,NA,NA,NA,NA,NA,NA,NA,NA,NA,87.54,153.5496041
"31",968532,622,NA,7,"NSIS 1","10F","CGATCT","ACCATC",2,10,0,0,0,0,0,0,8,0,9,0,0,0,0,0,1,0,0,260,0,28,9,0,0,0,0,0,0,0,0,0,0,0,0,0,0,0,0,0,0,0,0,0,0,0,0,0,5,0,0,0,0,0,0,0,0,0,0,0,0,0,0,0,0,0,0,0,0,0,0,0,0,0,0,0,0,0,0,0,0,0,0,0,0,0,0,0,0,0,0,0,0,0,0,0,0,0,0,320,32,"NC400200","SALLACHY","V10",240029,920018,NA,NA,"ES1A",NA,"PEAT",NA,"O","ORG",0,17,0.088527118,47.5441741,0,3.93,NA,NA,NA,NA,NA,NA,NA,NA,NA,NA,NA,NA,NA,NA,NA,NA,NA,NA,NA,NA,NA,NA,NA,NA,NA,NA,NA,NA,NA,NA,NA,NA,NA,NA,NA,NA,NA,NA,NA,NA,NA,88.54,75.68580844
"33",968546,628,NA,7,"NSIS 1","11D","CGTAGA","GAAGTC",2,10,11,0,0,0,0,0,0,0,10,1323,0,0,0,5,1,0,2,2,0,0,0,0,0,0,0,0,0,0,0,0,0,0,0,0,0,0,0,0,0,0,0,0,0,0,0,0,0,0,0,0,0,0,0,0,0,0,0,0,0,0,0,0,0,0,0,0,1,0,0,0,0,0,0,0,0,0,0,0,0,0,0,0,0,0,0,0,0,0,0,0,0,0,0,0,0,0,0,1355,135.5,"NC600200","COIRE NA SEILGE","V0",259998,919993,325,8," Y4A",60,"PEAT","NOR","O","ORG",5,27,0.135253968,48.3530761,0,3.81,3.17191143,7.17810174,1.084227,0.28121301,0.00162464,0.00528004,0.0168666,73.85406532,13.69115239,522.6957132,1037.922401,1041.235767,13.55865718,29.76485149,-853.019802,-0.139538795,2.172285918,20.11548408,0.24064036,2.78728161,2.049985638,3.783155315,0.192069677,1.600386515,2.666146095,17.52970674,1.927685359,1.354621192,34.58186,19.03225303,1486.239588,2.444840827,1818.19749,567.8227266,176.1124026,1257.945733,-22.16546972,306.9154635,408.3664573,3341.709544,106.4478338,85.11,135.9810926
"34",968549,623,NA,7,"NSIS 1","10G","CGATCT","TTCTGC",2,10,0,0,0,6,0,0,0,0,397,0,0,0,0,0,0,0,0,116,0,0,0,0,0,0,0,0,0,0,0,0,0,1,0,0,0,0,0,0,0,0,0,0,0,0,0,0,0,0,0,0,0,1,0,0,0,0,0,0,0,0,0,0,0,0,0,0,0,0,0,0,0,0,0,0,0,0,0,0,0,0,0,0,0,0,19,0,0,0,0,0,0,0,0,0,0,0,0,541,54.1,"NC400000","BRAE&OAPE","V1",239995,899976,30,NA," Y3B",NA,"EART","NOR","A","MIN",5,21,0.478943348,6.2843264,0,4.29,NA,NA,NA,NA,NA,NA,NA,NA,NA,NA,NA,NA,NA,NA,NA,NA,NA,NA,NA,NA,NA,NA,NA,NA,NA,NA,NA,NA,NA,NA,NA,NA,NA,NA,NA,NA,NA,NA,NA,NA,NA,30.95,29.55749547
"35",968551,619,NA,7,"NSIS 1","10C","CGATCT","CACTTC",2,10,3,0,0,18,0,0,1,1,493,0,0,0,1,0,0,0,0,109,0,43,0,0,0,0,0,0,0,15,0,0,0,104,0,0,0,0,0,0,0,0,0,96,0,0,7,1,10,0,0,0,0,0,0,0,0,0,0,0,0,0,0,0,0,0,0,0,1,0,0,1,0,0,0,0,0,22,0,0,0,0,0,0,0,1,0,17,0,1,0,0,0,0,0,0,0,0,0,945,94.5,"NC400000","BRAE&OAPE","V8",240003,899992,30,NA," Y3B",NA,"EART","NOR","A","MIN",2,20,0.934047115,4.2617624,0,4.47,NA,NA,NA,NA,NA,NA,NA,NA,NA,NA,NA,NA,NA,NA,NA,NA,NA,NA,NA,NA,NA,NA,NA,NA,NA,NA,NA,NA,NA,NA,NA,NA,NA,NA,NA,NA,NA,NA,NA,NA,NA,34.45,46.23365872
"38",968587,629,NA,7,"NSIS 1","11E","CGTAGA","TAGCTC",2,10,0,0,0,0,0,0,3,0,4,5,0,1,0,786,747,0,0,1,0,1,0,0,0,89,0,0,0,0,0,240,0,0,0,1,0,0,0,0,0,0,0,0,0,0,0,0,0,0,0,0,0,0,0,0,0,0,0,0,0,0,0,0,0,0,0,0,0,0,0,0,0,0,0,0,0,0,0,4,0,0,0,0,0,0,0,0,0,0,0,0,0,0,0,0,0,0,0,1882,188.2,"ND000400","DALGANACHAN","V0",299986,939982,162,1,"ES1A",42,"PEAT","NOR","O","ORG",0,11,0.107777778,47.1521961,0,3.95,5.79478336,15.88336904,2.2489245,0.70642946,0.01104281,0.00517979,0.01007097,85.21709498,22.42455304,348.7149037,332.3700247,620.8698602,6.259286595,85.86759868,126.2664474,0.138952527,5.101908528,18.64337925,0.73956726,3.907894352,3.843887744,6.065498916,-0.207032283,-0.983374249,3.374893871,56.72149217,0.301878438,1.866665438,48.2144321,43.17536642,531.3712212,6.990685339,2466.000039,98.33742487,362.7429033,2187.862234,-11.50024181,548.2456906,171.1885822,3551.78486,10.84970192,91.03,206.0615471
"39",968597,630,NA,7,"NSIS 1","11F","CGTAGA","ACCATC",2,10,2,7,3,10,0,0,0,0,322,0,0,0,0,1,0,1,71,1,0,0,0,0,0,0,399,0,0,0,0,0,0,0,0,174,0,0,0,1,0,0,0,0,0,0,0,0,0,0,0,0,0,0,0,0,0,0,0,0,0,0,0,0,0,0,0,0,0,0,0,0,0,0,0,0,0,0,0,0,0,0,0,4,0,0,0,0,0,0,0,0,0,0,0,0,0,0,0,997,99.7,"ND200600","CORSBACK","V0",320000,960000,30,1," A1B",39,"GLEY","NOR","A","MIN",0,26,1.285185661,2.2405073,6.514,5.37,4.55800108,1.25883837,0.1538843,0.109916,0.02409219,0.00545294,0.02054986,5.440348798,52.77880214,912.3326308,1485.148168,4666.268526,172.3707594,411.7060261,202.3778502,0.587893989,14.37243423,142.6582133,0.373754365,11.92033754,49.78822414,19.73354004,0.027587357,1.827649708,34.48673463,22.04856301,0.363803828,0.966115943,19.48985342,82.34577297,14651.65849,32.6337009,2084.028348,20225.9901,1616.454631,5371.25942,273.6905438,158.4978441,763.0437532,352.1779452,411.4242566,24.32,36.92915099
"40",968608,631,NA,7,"NSIS 1","11G","CGTAGA","TTCTGC",2,10,2,0,0,0,0,0,0,0,2190,0,0,2,0,0,0,0,0,57,0,0,297,0,487,3,1,0,0,304,0,0,0,0,0,0,0,0,0,0,0,0,0,1,0,0,0,0,0,0,0,0,0,0,0,0,0,0,0,0,0,0,0,0,0,0,0,0,0,0,0,0,0,0,0,0,0,0,0,0,0,0,0,0,0,0,0,0,0,0,0,0,0,0,0,0,0,0,0,3345,334.5,"ND200400","SHEPPARDSTOWN","V0",320001,939962,185,3,"CU1C",46,"GLEY",NA,"O","ORG",7,18,0.262698413,47.0071425,0,4.09,2.44474069,3.02765199,1.01459162,0.83675433,0.04047626,0.04920458,0.05874567,60.16672904,10.8515156,968.4146685,1290.639894,5448.263298,28.81447831,318.1792144,111.4075286,0.17026709,15.69757155,43.02509574,0.196506096,4.631356511,9.255838173,4.53969186,-0.261244256,0.768722683,5.418526705,59.68514613,0.296191405,1.85620919,18.92875051,14.04760782,2578.06832,14.76946695,1091.382256,8276.172212,559.8418583,477.8019953,20.70475313,353.5963927,761.9624146,2323.698913,118.1328195,73.77,69.44096957
"41",968619,668,NA,7,"NSIS 2","4D","GACTTC","GAAGTC",2,10,7,0,0,45,0,6,0,32,156,9,0,0,0,0,18,0,1,1167,20,16,28,1,0,15,0,397,0,5,0,0,160,0,0,0,0,1,0,0,0,0,0,0,18,0,5,85,35,0,73,0,0,0,0,1,0,0,0,0,0,1,0,45,0,0,0,0,22,2,44,8,0,0,0,0,0,9,0,11,0,1,0,2,0,8,0,0,0,11,0,0,0,16,0,0,0,0,1,2484,248.4,"NC200600","AISIR","V0",220018,959960,85,4,"CU1D",85,"PEAT",NA,"O","ORG",0,13,0.413500653,20.6141876,0,4.38,1.24647526,2.43057478,0.82849176,0.34080885,0.00187706,0.04324461,0.10816501,33.60503125,12.60383999,342.2167952,1986.061217,2129.948469,1.830540149,58.87003311,93.82450331,0.562499452,0.646890114,34.91086352,0.022409709,2.421508182,14.07560673,2.645080459,-0.512536821,-0.498366747,4.384325824,10.11428385,0.793629101,0.10185659,14.69489144,9.580019583,7005.264676,8.343549432,506.5539006,3402.917003,2272.459997,912.2378678,-1.399163592,278.6781198,189.5640996,1573.403019,411.0371062,55.31,55.24877663
"42",968630,632,NA,7,"NSIS 1","11H","CGTAGA","TCAAGC",1,10,0,0,0,0,1,0,0,3,2,0,0,0,0,0,0,0,0,1035,0,0,103,0,0,2,0,0,0,0,0,0,0,0,0,0,0,0,0,0,0,0,0,0,0,0,0,0,0,0,0,0,0,0,0,0,0,0,0,0,0,0,0,0,0,0,0,0,0,0,0,0,0,0,0,0,0,0,0,0,0,0,0,0,0,0,0,0,0,0,0,0,0,0,0,0,0,0,0,1148,114.8,"NC400600","ALLT AN LAGAIN","V0",240005,959995,228,5,"CU1D",32,"RANK","NOR","O","ORG",0,15,0.130592959,45.4299481,0,3.7,4.39149909,10.89039851,2.05736437,1.08216296,0.00378619,0.0056856,0.01314847,61.2500029,23.12174569,610.474383,610.0996324,753.5765931,-36.91887868,116.4338235,161.9607843,0.122139924,2.515969855,21.25347242,0.33985293,3.275826522,3.847689022,5.234568154,-0.025621241,-0.25609984,3.03942667,31.41866606,0.273773543,2.880701055,36.07912029,24.43924185,1448.793379,0.773140088,1751.610333,768.5246621,650.2121647,1644.667543,-20.93827262,608.2230481,520.5299601,2885.203909,214.8987227,85.82,139.6684708
"43",968639,669,NA,7,"NSIS 2","4E","GACTTC","TAGCTC",2,10,0,0,0,10,1,0,1,0,0,30,0,0,0,1,1,0,0,27,0,20,0,0,0,5,0,1,0,0,0,0,0,0,0,0,0,8,0,0,0,0,0,0,0,0,0,0,0,0,0,0,0,0,0,0,0,0,0,0,0,0,0,0,0,0,0,0,0,4,0,1,0,0,0,0,0,0,0,0,0,0,0,0,0,1,0,0,0,0,0,0,0,0,0,0,0,0,0,111,11.1,"NC400400","SAIL NAN AIGHEAN","V0",240107,940041,540,16,"SF1",62,"PEAT","NOR","O","ORG",0,17,0.12922632,46.3636158,0,3.86,3.92884601,15.26368693,1.75183798,0.83646502,0.00391342,0.00530845,0.01087366,86.99499932,20.02359797,823.1574668,564.4792289,750.8936567,3.823625622,121.6542289,93.9800995,0.511848884,1.930165999,17.99656554,0.311505438,1.676016027,1.388666285,3.248998283,-0.287693188,-0.506124785,2.139668002,30.45220378,0.6825415,1.107498569,46.14768174,37.83629078,896.0503721,-5.548941042,1821.408128,41.53405839,423.5832856,2269.032627,-16.77160847,453.2341156,695.2489983,2604.464797,128.4487693,85.66,142.8387622
"45",968659,654,NA,7,"NSIS 2","2F","CTTGCT","ACCATC",3,5,1,0,0,0,0,0,6,0,3,2,0,0,0,0,349,0,0,436,0,263,218,1,0,73,2,0,0,0,0,0,0,0,0,0,0,1,164,0,0,1,0,0,118,0,0,0,15,0,0,0,68,0,0,0,0,1,0,0,0,1,44,0,0,0,0,0,0,1,0,2,0,0,31,0,0,0,27,0,0,0,0,0,0,0,0,0,0,0,0,0,0,0,0,0,0,0,0,1830,366,"NH600800","STRATH RUSDALE","V0",259958,879999,670,5,"SF1",60,"PEAT","REC","L","ORG",0,8,0.065954181,45.3182202,0,3.95,6.83940474,11.05071792,1.60725281,2.79783133,0.58153315,0.00519636,0.02236961,64.08972282,25.80913928,772.2733589,107.7243812,237.2753713,167.9136077,119.3539604,-314.9009901,0.751763555,0.981456582,20.67349777,0.48054347,3.611391091,5.300608301,7.031465109,-0.299354949,-0.693243039,4.00752997,15.48542892,0.567423929,0.253551391,23.00306447,81.70364387,204.596728,-103.6600914,1880.534282,-432.9392809,1233.43242,1518.157239,213.1497266,424.6113613,679.8508438,1217.676896,-9.184344871,90.36,399.3478252
"47",968715,655,NA,7,"NSIS 2","2G","CTTGCT","TTCTGC",3,5,5,0,0,0,0,0,0,8,9,0,0,0,1,0,0,0,0,2072,0,0,1,0,0,0,0,0,0,0,0,0,0,0,0,0,0,0,0,0,0,0,0,0,0,0,0,0,0,0,0,0,0,2,0,0,0,0,0,0,0,0,0,0,0,0,0,0,0,0,0,0,0,0,0,0,0,0,0,0,0,0,0,0,0,1,0,0,0,1,0,0,0,0,0,0,0,0,0,2103,420.6,"NF800200","UIST","V0",80004,819962,95,17,"ES1A",52,"PEAT","NOR","O","ORG",26,44,0.211905905,40.3132395,0,4.34,1.66214779,4.43422256,2.32707378,0.32515362,-2.96e-05,0.01494365,0.10747672,59.76188958,12.76972051,341.9372702,4154.031468,2391.192164,1.833575871,79.36567164,109.4029851,0.517912159,0.889710047,22.97332254,0.056563188,2.133158916,10.06820362,2.811742049,-0.382086084,-0.363151425,4.622026732,7.091193748,0.626485461,1.375772579,31.35710771,8.727454691,6564.744574,10.12730603,1323.237111,3494.703139,390.6230975,1000.691224,-7.381233313,976.2841214,174.2426369,1765.410637,476.7593759,74.04,81.72517686
"49",968765,635,NA,7,"NSIS 1","12C","CTCACA","CACTTC",2,10,2,0,0,0,0,0,0,0,4,0,0,0,0,0,0,0,0,0,0,0,0,0,0,461,0,0,0,0,0,0,0,0,0,0,0,0,0,0,0,0,0,0,0,0,0,0,0,0,0,0,0,0,0,0,0,0,0,0,0,0,0,0,0,0,0,0,0,0,0,0,0,0,0,0,0,1,0,0,0,0,0,0,0,0,0,0,0,0,0,0,0,0,0,0,0,0,0,468,46.8,"NH200200","CREAG CALMAN","V0",219999,820010,455,4,"ES1C",62,"GLEY","REC","O","ORG",0,44,0.178587302,48.6485429,0,4.16,5.66064662,10.32800904,1.02606888,0.71953482,0.00221095,0.01809421,0.04637984,78.2391439,18.47830624,602.1372027,1224.220889,2183.868563,3.829977159,113.6337209,142.4750831,0.13733982,3.322047603,49.05958472,0.563881276,4.603135428,4.101057071,5.669207633,-0.200381048,-0.928056945,3.657516998,49.28473197,0.299445836,2.932542868,48.78940803,27.20904458,1953.152352,0.960253001,2709.647096,2526.152091,376.4461939,1454.451204,-16.87478603,253.1780772,416.4098299,2939.297286,137.1146723,83.63,113.0033419
"52",968798,638,NA,7,"NSIS 1","12F","CTCACA","ACCATC",2,10,0,0,0,0,0,0,0,0,1,0,0,0,0,0,0,0,0,739,0,1,0,0,0,1,0,0,0,0,0,0,0,0,0,0,0,0,0,0,0,0,0,0,0,0,0,0,0,0,0,0,0,0,0,0,0,0,0,0,0,0,0,0,0,0,0,0,0,0,0,0,0,0,0,0,0,0,0,0,0,0,0,0,0,2,0,0,0,2,0,0,0,0,0,0,0,0,0,747,74.7,"NC800400","Coire nam Mang","V0",280026,939940,270,13,"SC1A",53,"PEAT","NOR","O","ORG",4,34,0.134455706,46.9741719,0,3.57,5.26632092,10.91556697,2.05327123,0.76541046,0.00327052,0.01204358,0.01817259,80.2365129,19.14664267,546.7624698,347.2772838,712.2167618,-37.83744494,97.15742251,171.9738989,0.087561593,1.248708524,19.45553356,0.258276885,3.45031728,2.723073177,2.53249313,-0.272541158,-0.985170227,2.111580145,17.56142512,0.283531664,1.517625154,38.26800561,17.84203378,780.0920667,-2.838824248,1915.154085,583.8998473,361.0498055,1601.807751,-22.82283744,503.92638,364.0897326,2594.460875,70.94722214,87.1,98.90375653
"53",968872,659,NA,7,"NSIS 2","3C","GAAGTG","CACTTC",2,10,10,32,8,12,0,0,22,16,710,11,0,0,116,2,19,35,3,2651,10,261,7,37,0,2,18,0,0,2,0,3,0,30,0,10,0,0,0,0,0,0,0,1,18,0,4,4,0,0,0,1,1,0,0,70,0,29,0,0,53,0,0,0,0,0,0,0,3,41,11,63,30,0,0,37,32,4,0,3,0,8,23,11,0,30,4,0,0,39,0,0,13,0,0,0,0,0,12,4582,458.2,"NN200400","NORTH LORN","V0",219986,739985,425,15,"CU1C",14,"RANK",NA,"O","ORG",0,14,0.202819978,25.3562677,0,4.26,0.775785,1.6459532,0.45455791,0.51375301,0.00335843,0.09244378,0.30650659,47.76060722,6.627576971,715.8308795,5205.889762,5504.751439,-32.72097656,287.9235197,235.0657895,0.197298665,3.200959674,24.07216968,0.233791338,3.265931792,14.51043966,3.627609915,-0.198381533,-0.366767605,4.094326295,28.19789916,0.256315005,2.782972383,12.98359489,14.15309301,9143.742724,4.245927904,645.3897043,8440.960982,851.2430312,405.3177287,17.61827263,357.5632221,429.6822729,1277.784985,1159.752304,72.32,103.9697664
"54",968878,660,NA,7,"NSIS 2","3D","GAAGTG","GAAGTC",1,10,17,0,0,0,0,0,0,0,67,5,0,0,0,0,0,0,0,10,0,7,1,1,0,0,0,0,0,1,0,0,0,1,1,0,0,0,0,0,0,1,0,3,0,0,2,1,0,0,0,0,0,0,0,0,0,0,0,0,0,0,0,0,0,0,0,0,0,0,0,0,0,0,0,0,0,1,0,0,0,0,0,0,0,0,0,0,0,0,0,0,0,0,0,0,0,0,0,119,11.9,"NN400400","LOCH LYON","V0",239952,740154,411,3,"ES1F",50,"PEAT","NOR","O","ORG",8,17,0.081898795,46.104617,0,4,8.35229868,5.70978501,1.03793508,0.8697677,0.14769509,0.04330527,0.0274934,56.84249827,21.93281879,1232.654512,703.0684747,4545.65885,49.76940661,106.5068515,-48.79282219,1.201043271,5.181350811,74.06813343,0.715840022,7.73385264,4.070328809,9.184448545,0.440078664,1.465409532,6.139678506,98.72712431,0.781817636,2.573013004,22.7901949,37.25057357,1689.892952,7.06154189,3241.905225,5907.218518,539.4439133,992.171135,83.50327412,343.3342862,1175.974057,4344.950658,35.79200109,93.74,321.3710028
"55",968901,661,NA,7,"NSIS 2","3E","GAAGTG","TAGCTC",2,10,2,0,0,24,0,3,0,0,1,0,0,0,3,0,6,0,1,15,8,0,0,181,0,0,0,0,0,82,280,0,60,199,194,0,0,192,0,0,0,0,0,0,0,118,98,5,26,0,0,68,0,0,0,0,0,0,54,0,0,0,0,0,0,0,0,0,0,1,0,0,0,0,0,0,1,0,26,0,0,0,0,0,0,0,0,0,0,1,0,0,0,0,0,0,0,0,0,1652,165.2,"NG800600","TORRIDON","V0",179997,860010,40,25,"PS4",86,"PODZ","NOR","A","MIN",0,10,0.517511985,6.8040335,2.968,5,1.29496624,1.37820997,0.25720057,0.37569671,0.05007682,0.02427558,0.16569013,16.01956808,17.10718621,409.2024508,2510.250373,5784.22699,52.08233209,212.9477612,227.8109453,0.12810849,4.856951277,27.20947787,0.128056771,4.198048506,35.61902188,6.025288295,-0.107007051,-0.070182972,8.776750418,14.68825645,0.132246027,0.681659225,13.89178057,19.05335801,8962.939584,34.3363854,1720.181019,23485.69455,1214.367117,2238.407532,133.8493228,255.0274385,258.9063795,382.4118597,1023.00603,34.13,59.64098966
"60",969014,644,NA,7,"NSIS 2","1D","CTGAAC","GAAGTC",2,10,23,0,0,163,0,0,0,1,8,2,0,0,0,0,0,0,0,8,0,2,0,0,0,0,0,0,0,0,0,0,0,0,0,0,0,0,0,0,0,0,0,0,0,0,0,0,0,0,0,0,0,0,0,0,0,0,0,0,0,0,0,0,0,0,0,0,0,0,0,0,0,0,0,0,0,0,0,0,0,0,0,0,0,0,0,0,0,0,0,0,0,0,0,0,0,0,0,207,20.7,"HY400200","Hackland","V0",340000,1020000,25,2,"AR2A",63,"GLEY","REC","A","MIN",0,37,0.703348682,6.9391729,0,5.44,8.95672147,1.93244902,0.33724254,0.2709425,0.03133364,0.01377485,0.07937464,9.085726443,55.85827985,1003.151476,3390.00162,5484.865241,69.11236919,488.1353821,266.0631229,0.243964787,16.68851572,91.77131709,0.133570203,6.492277506,42.51795125,13.61567681,-0.196061608,0.884605142,23.68775992,16.91613342,0.309560068,0.299058616,32.01132526,53.64535278,15457.31091,40.66079777,2739.689376,21375.37104,1493.482483,6807.838404,150.2794116,186.1291989,782.6944913,995.3101132,236.3602862,40.18,45.09990306
"61",969024,645,NA,7,"NSIS 2","1E","CTGAAC","TAGCTC",2,10,5,0,6,7,0,1,5,5,520,9,0,0,1,0,0,0,0,154,1,96,11,0,0,2,0,1,0,1,0,0,0,0,0,0,0,1,0,0,0,0,0,1,0,0,9,1,1,0,0,0,0,0,0,0,0,1,0,0,0,0,0,0,0,0,0,0,0,2,0,3,0,8,0,0,3,0,0,0,25,0,0,7,0,3,3,0,0,12,2,0,0,0,0,0,0,0,0,908,90.8,"HU400400","Scalloway","V0",439987,1140002,70,10," N4",56,"GLEY","SH","A","MIN",0,25,0.338265376,10.8184054,0.88,4.95,2.57851753,2.89123989,0.97636949,0.50262543,0.07322637,0.09326336,0.15452712,15.13389887,31.46702031,774.3446962,2248.57303,7594.234606,-8.036705665,355.4310345,254.6305419,0.106032071,3.705371251,44.00749234,0.236062526,5.31206038,15.84206983,8.32362217,0.014822531,0.448701793,7.14200244,26.94197553,0.117900553,1.19887347,24.08203751,23.88858649,8527.529999,25.4048242,2003.002295,16103.49013,1639.628086,2206.910124,121.8218571,342.1468812,629.5000686,1311.807037,1195.736426,68.23,75.38167401
"62",969043,646,NA,7,"NSIS 2","1F","CTGAAC","ACCATC",2,10,0,0,0,206,0,0,0,0,5,0,0,0,0,0,777,649,0,298,0,2,0,0,0,8,0,0,0,1,0,0,0,0,0,0,0,0,0,0,0,0,0,0,3,0,0,0,0,0,0,0,0,0,0,0,0,0,0,0,0,0,0,0,0,0,0,0,0,0,0,5,0,0,0,0,0,0,0,0,0,0,0,0,0,0,0,0,0,0,0,0,0,0,0,0,0,0,0,1956,195.6,"HU400600","West Kame","V0",440003,1159999,90,0,"ES1B",15,"PEAT","NOR","O","ORG",0,15,0.118090096,45.0139888,0,3.86,8.11791013,16.65208167,3.17582157,0.73188183,0.00496952,0.00431387,0.00842726,65.81962739,30.34762723,377.5447714,288.8573383,911.5901741,3.326113184,8.221393035,74.57711443,0.665945525,5.926846919,18.48584692,0.874807156,1.895225905,5.298896919,7.140656068,-0.242534312,-0.510550652,3.469651268,112.4053252,0.790511694,1.141003351,54.39958151,39.96355706,568.1127354,6.021266937,2564.129166,604.0605977,374.6085778,2421.930344,-11.87644565,820.2028078,298.0487318,2973.661775,49.20079256,85.5,99.10175377
"64",1018752,608,NA,7,"NSIS 1","8H","CCATAC","TCAAGC",2,10,0,0,0,0,0,0,0,0,14,0,0,0,4,0,0,0,0,44,0,12,0,0,0,0,0,0,0,7,0,0,0,8,0,0,0,0,0,0,0,0,0,0,0,0,0,0,0,0,0,0,0,0,0,0,0,0,0,0,0,0,0,0,0,0,25,0,0,0,0,0,0,0,0,0,2,0,0,0,0,0,0,0,0,0,0,0,0,0,0,0,0,0,0,0,0,0,0,116,11.6,"NL945468","HOUGH","V9",94505,746710,30,2,"FS1",NA,"REG","NOR","A","MIN",0,8,0.659714286,13.0828716,0,7.48,46.27286163,1.78687424,0.40657965,0.31200865,0.04495052,-0.01522216,0.02603335,0.03,NA,596.9612276,NA,NA,NA,NA,NA,0.02,5.52,19.04,0.15,1.45,5.09,3.71,0.12,0.36,8.87,9.43,-0.005,0.34,1702,17.02,1648,18.55,215600,2598,351.8,3088,81.47,2528,730,1902,147.1,28.08,34.03581551
"65",1018753,607,NA,7,"NSIS 1","8G","CCATAC","TTCTGC",2,10,1,0,0,0,1,0,0,0,939,0,22,0,105,0,0,0,0,0,0,0,0,0,0,0,0,0,314,0,0,0,0,0,0,0,0,0,0,0,0,0,0,0,0,0,0,0,0,0,0,0,0,0,0,0,0,0,0,0,0,0,0,0,0,0,0,0,0,0,0,0,0,0,0,0,0,0,0,0,0,0,0,0,0,0,0,0,0,0,0,19,0,0,0,0,0,13,0,1414,141.4,"NL945468","HOUGH","V12",94489,746726,30,2,"FS1",NA,"REG","NOR","A","MIN",0,8,0.829203208,13.0394861,0,7.43,44.12270075,1.63313809,0.39537399,0.27174996,0.03993384,-0.02038706,0.01715694,1.045841371,NA,639.2144626,NA,NA,NA,NA,NA,0.02,5.26,18.63,0.17,1.58,4.5,3.44,0.06,0.26,8.76,8.53,-0.01,0.37,1677,11.96,1464,16.63,211900,2439,330.2,3360,78.75,2628,659.2,2111,170,24.12,38.25308345
"66",1018760,613,NA,7,"NSIS 1","9E","CCTGTA","TAGCTC",3,5,2,0,0,0,0,0,1,0,234,0,0,5,870,0,0,0,0,0,0,0,0,546,0,0,0,0,0,0,0,0,0,0,0,0,0,0,0,0,0,0,0,0,0,0,0,0,0,172,0,0,0,0,0,0,0,0,0,0,0,0,0,8,0,0,0,0,0,0,0,0,0,0,0,0,0,0,0,0,0,29,0,2,0,0,0,0,0,0,0,0,0,0,15,0,4,0,0,1892,378.4,"NL941472","HOUGH","V1",94119,747045,30,2,"FS1",NA,"REG",NA,"A","MIN",4,25,1.012380952,9.548629,0,7.92,27.19013601,1.53311087,0.34480389,0.11818901,0.01657689,0.00814254,0.00917088,0.471403688,NA,172.7584237,NA,NA,NA,NA,NA,0.02,6.59,19.78,0.1,2.01,8.73,2.81,-0.01,0.18,12.4,0.95,-0.001,0.15,2080,11.36,2033,6.68,237900,3541,382.7,5443,89.66,3255,221.2,1966,345.5,18.57,5.753421025
"67",1018761,614,NA,7,"NSIS 1","9F","CCTGTA","ACCATC",2,10,1,0,0,37,7,1,1,0,130,0,0,1,594,1,0,0,0,76,2,0,0,321,0,0,0,0,0,1,0,0,0,0,0,1,0,0,0,164,135,0,0,0,0,0,0,0,0,0,0,0,0,0,0,0,0,0,0,0,0,0,0,0,47,0,0,0,0,0,0,0,0,0,0,0,0,0,0,0,0,0,0,2,0,0,0,0,0,2,0,0,0,0,0,0,0,6,0,1534,153.4,"NL941472","HOUGH","V6",94115,747061,30,2,"AA2",NA,"REG","NOR","A","MIN",0,19,0.705238095,11.1084673,0,7.58,35.13518939,2.97037194,0.48017834,0.24697852,0.02724198,0.01048115,0.00913656,0.03,NA,446.6289417,NA,NA,NA,NA,NA,0.03,5.06,18.31,0.11,1.58,6,2.4,-0.08,0.15,8.92,3.44,NA,0.2,1833,11.98,1458,16.59,246000,2517,352.2,4706,69.71,3370,437.1,2127,181.6,15.87,39.43130233
"69",1018763,611,NA,7,"NSIS 1","9C","CCTGTA","CACTTC",2,10,0,0,0,4,0,0,0,0,355,0,0,0,85,0,17,0,0,65,13,48,0,86,0,0,0,0,0,0,0,0,0,64,0,0,0,0,0,0,37,0,32,0,0,0,0,0,0,94,0,0,0,0,57,0,0,0,0,44,0,0,0,6,0,0,44,0,7,4,0,1,0,0,0,0,5,0,0,0,0,0,0,3,0,5,0,0,0,5,0,0,0,0,0,0,0,2,0,1084,108.4,"NL941472","HOUGH","V11",94119,747069,30,2,"FS1",NA,"REG","NOR","A","MIN",0,13,0.710761905,13.01361,0,7.35,42.92995229,2.09984286,0.62528176,0.16454851,0.01643587,0.01065968,0.01018646,0.03,NA,578.7784993,NA,NA,NA,NA,NA,0.02,5.55,19.18,0.16,1.75,6.13,3.47,0.09,0.31,8.54,9.12,0.001,0.37,1922,12.84,1488,21.5,240800,2632,367.3,2773,75.85,2628,536.1,1946,165.4,39.03,30.76006834
