,sample,pcrid,group,subgroup,Edit.tag.plate,plate,well,ftag,rtag,band,vol,X1_Pasteuria.penetrans_1.0,X111_Pasteuria.HcP_0.99,X132_Pasteuria.hartismeri_0.99,X179_Pasteuria_0.95,X186_Pasteuria_0.95,X234_Pasteuria.hartismeri_0.99,X247_Pasteuria_0.98,X254_Pasteuria.luffness_0.98,X26_Pasteuria.hartismeri_0.99,X270_Pasteuria.Plectid.infective_0.98,X317_Pasteuria.hartismeri_0.95,X336_Pasteuria.penetrans_0.96,X363_Pasteuria.penetrans_0.97,X368_Pasteuria.Plectid.infective_0.98,X370_Pasteuria.goettingianae_0.96,X393_Pasteuria.goettingianae_0.96,X399_Pasteuria_0.98,X4_Pasteuria.luffness_0.98,X403_Pasteuria.penetrans_0.97,X411_Pasteuria.Plectid.infective_1.0,X421_Pasteuria.goettingianae_0.96,X429_Pasteuria.penetrans_0.97,X435_Pasteuria.goettingianae_0.96,X441_Pasteuria_0.95,X462_Pasteuria.penetrans_0.96,X469_Pasteuria.Plectid.infective_0.94,X485_Pasteuria.aldrichii_0.98,X511_Pasteuria.goettingianae_0.97,X525_Pasteuria.Plectid.infective_0.96,X543_Pasteuria_0.92,X565_Pasteuria.goettingianae_0.98,X570_Pasteuria.luffness_0.98,X579_Pasteuria.penetrans_0.95,X589_Pasteuria.Plectid.infective_0.95,X590_Pasteuria_0.96,X591_Pasteuria_0.95,X605_Pasteuria_0.91,X611_Pasteuria.Plectid.infective_0.97,X631_Pasteuria.Plectid.infective_0.96,X644_Pasteuria.luffness_0.98,X645_Pasteuria.aldrichii_0.98,X646_Pasteuria.hartismeri_0.98,X647_Pasteuria.penetrans_0.96,X652_Pasteuria.penetrans_0.96,X653_Pasteuria_0.95,X684_Pasteuria.goettingianae_0.96,X692_Pasteuria_0.95,X694_Pasteuria.penetrans_0.97,X695_Pasteuria.hartismeri_0.97,X707_Pasteuria.goettingianae_0.91,X709_Pasteuria.Plectid.infective_0.92,X712_Pasteuria.luffness_0.98,X722_Pasteuria.Plectid.infective_0.94,X723_Pasteuria.Plectid.infective_0.94,X724_Pasteuria_0.96,X729_Pasteuria.Plectid.infective_0.96,X731_Pasteuria.goettingianae_0.95,X736_Pasteuria.Plectid.infective_0.97,X745_Pasteuria.nishizawae_0.94,X748_Pasteuria.penetrans_0.96,X754_Pasteuria.goettingianae_0.96,X756_Pasteuria_0.96,X757_Pasteuria.luffness_0.91,X764_Pasteuria.Plectid.infective_0.96,X765_Pasteuria.Plectid.infective_0.93,X768_Pasteuria.penetrans_0.96,X771_Pasteuria.Plectid.infective_0.97,X777_Pasteuria.luffness_0.96,X780_Pasteuria.goettingianae_0.95,X786_Pasteuria.luffness_0.97,X787_Pasteuria.Plectid.infective_0.99,X790_Pasteuria.nishizawae_0.96,X801_Pasteuria_0.96,X807_Pasteuria.goettingianae_0.92,X808_Pasteuria.luffness_0.95,X819_Pasteuria.penetrans_0.94,X820_Pasteuria_0.93,X823_Pasteuria.goettingianae_0.95,X827_Pasteuria_0.92,X836_Pasteuria_0.96,X839_Pasteuria.Plectid.infective_0.94,X84_Pasteuria.hartismeri_0.995,X844_Pasteuria.luffness_0.93,X849_Pasteuria.luffness_0.97,X857_Pasteuria_0.94,X864_Pasteuria.Plectid.infective_0.96,X883_Pasteuria.penetrans_0.91,X884_Pasteuria.luffness_0.97,X892_Pasteuria_0.91,X917_Pasteuria.aldrichii_0.94,X924_Pasteuria.goettingianae_0.94,X926_Pasteuria.Plectid.infective_0.96,X927_Pasteuria_0.96,X930_Pasteuria.Plectid.infective_0.94,X938_Pasteuria_0.96,X942_Pasteuria.goettingianae_0.92,X944_Pasteuria.luffness_0.95,abundance,perul,SITE.NGR,SITE.NAME,OBSERVATION.NO,NSIS2.EASTING,NSIS2.NORTHING,NSIS2.ALTITUDE,NSIS2.SLOPE,NSIS2.VEGETATION,NSIS2.MAX.ROOT.DEPTH,NSIS2.MSG,SITE.DRAINAGE,Horizon,RECORD.TYPE,NSIS2.FIELD.HORZ.TOP,NSIS2.FIELD.HORZ.BOTTOM,NSIS2.DBD.AVG.FINE.EARTH.ONLY,NSIS2.CARBON,NSIS2.CLAY,NSIS2.PH.H20,NSIS2.EXCH.CA,NSIS2.EXCH.MG,NSIS2.EXCH.NA,NSIS2.EXCH.K,NSIS2.EXCH.MN,NSIS2.EXCH.FE,NSIS2.EXCH.AL,NSIS2.EXCH.H,NSIS2.BASE.SAT,NSIS2.TOTAL.P,NSIS2.OXAL.ALUMINIUM,NSIS2.OXAL.IRON,NSIS2.OXAL.MANGANESE,NSIS2.OXAL.PHOSPHORUS,NSIS2.OXAL.SILICON,NSIS2.AQR.SILVER,NSIS2.AQR.ARSENIC,NSIS2.AQR.BARIUM,NSIS2.AQR.CADMIUM,NSIS2.AQR.COBALT,NSIS2.AQR.CHROMIUM,NSIS2.AQR.COPPER,NSIS2.AQR.MERCURY,NSIS2.AQR.MOLYBDENUM,NSIS2.AQR.NICKEL,NSIS2.AQR.LEAD,NSIS2.AQR.PLATINUM,NSIS2.AQR.SELENIUM,NSIS2.AQR.STRONTIUM,NSIS2.AQR.ZINC,NSIS2.AQR.ALUMINIUM,NSIS2.AQR.BORON,NSIS2.AQR.CALCIUM,NSIS2.AQR.IRON,NSIS2.AQR.POTASSIUM,NSIS2.AQR.MAGNESIUM,NSIS2.AQR.MANGANESE,NSIS2.AQR.SODIUM,NSIS2.AQR.PHOSPHORUS,NSIS2.AQR.SULPHUR,NSIS2.AQR.TITANIUM,FIELD.MOISTURE.105,PICO.GREEN.DNA
1,926250,575,NSIS,NA,6,NSIS 1,4G,CAAGCA,TTCTGC,2,10,1,0,9,0,0,0,1,0,610,0,3,0,0,0,0,0,0,29,0,0,0,0,0,0,50,0,0,0,0,0,0,0,0,3,0,0,0,0,0,0,0,0,0,0,0,0,0,0,0,0,0,0,0,0,0,0,0,0,0,0,0,0,0,43,0,0,0,0,0,1,0,0,0,0,0,0,0,0,0,0,0,1,0,1,0,0,0,0,0,0,0,0,0,0,2,0,0,766,76.6,NX800600,CRAIGTON ROW,V0,280050,560017,100,2, A1A,45,EART,REC,A,MIN,0,15,0.455174188,13.6243057,0,5.48,21.89409176,2.25999467,0.35970463,1.39910512,0.2138673,0.04418387,0.26421035,11.56411379,69.14344608,2512.725307,5756.60066,5024.669967,155.4455446,1258.622112,797.4834983,0.052547953,12.25994688,57.44022007,0.696309619,7.889379624,65.69159552,16.06090305,-0.161407551,-0.403678581,36.5030203,53.22935686,-0.006334927,0.639348511,26.52151774,103.7011573,24530.54069,48.93864162,6696.922785,23673.46234,1893.557579,9757.916904,350.5503699,223.2662493,2094.784671,1861.084424,893.8102827,57.73,116.3491822
2,926282,595,NSIS,NA,7,NSIS 1,7C,CAGTTG,CACTTC,2,10,1,1,0,0,0,0,0,2,6,0,0,0,0,0,0,0,0,935,0,9,0,0,0,0,0,0,0,1,0,0,0,0,0,0,0,0,0,0,0,0,0,0,0,0,0,0,0,0,0,0,0,0,0,0,0,0,0,0,0,0,0,0,0,0,0,0,0,0,0,0,0,0,0,0,0,0,0,0,0,0,0,0,0,1,0,0,0,0,0,0,0,0,0,0,0,0,0,956,95.6,NT600800,BINNING WOOD,V0,360023,680043,18,0, Y4F,60,EART,NA,L,ORG,0,2,0.094502662,40.1155474,0,3.82,14.51438311,3.72799795,0.65417946,0.95033046,0.75300122,0.07461263,0.21604512,67.8291914,22.63660789,956.5343905,933.5749588,1283.069193,215.4579901,160.461285,40.65897858,-0.080477606,0.907424386,51.32416118,0.33636049,2.245707396,4.891214588,6.371465073,-0.442202805,-2.863579808,9.342979813,43.90088121,-0.02074994,-0.70598256,29.93542276,42.96471089,3890.063032,11.65256707,4438.548703,4136.771446,718.5382565,741.5570326,342.8586132,209.9224275,865.3517905,2077.196738,99.71865994,72.67,213.9324231
3,926302,568,NSIS,NA,6,NSIS 1,3H,CAACTC,TCAAGC,1,10,0,0,0,0,0,0,0,0,0,0,0,0,0,0,0,0,0,0,0,0,0,0,0,0,0,0,0,0,0,0,0,0,0,0,0,0,0,0,0,0,0,0,0,0,0,0,0,0,0,0,0,0,0,0,0,0,0,0,0,0,0,0,0,0,0,0,0,0,0,0,0,0,0,0,0,0,0,0,0,0,0,0,0,0,0,0,0,0,0,0,0,0,0,0,0,0,0,0,0,NT800600,HOARDWEEL,V12,379997,660008,225,14, A1B,NA,EART,SH,A,MIN,0,23,0.616352262,9.2107062,0,6.25,NA,NA,NA,NA,NA,NA,NA,NA,NA,NA,NA,NA,NA,NA,NA,NA,NA,NA,NA,NA,NA,NA,NA,NA,NA,NA,NA,NA,NA,NA,NA,NA,NA,NA,NA,NA,NA,NA,NA,NA,NA,31.72,51.20248054
4,926316,596,NSIS,NA,7,NSIS 1,7D,CAGTTG,GAAGTC,2,10,6,0,0,3,0,0,0,0,356,2,1,0,0,0,2,0,1,44,0,25,0,12,0,0,0,0,0,0,0,0,0,0,0,23,0,0,0,0,0,0,0,0,0,0,0,0,0,0,0,0,0,0,0,0,0,0,0,0,0,44,0,0,0,0,0,0,0,0,0,0,0,0,0,0,1,0,0,0,0,0,0,0,0,4,0,0,0,4,0,0,0,0,0,0,14,0,0,544,54.4,NS800000,CHANLOCK 84,V0,279989,600013,223,14, N3C,50,EART,SH,A,MIN,2,6,0.611994466,10.5744836,3.583,5.5,12.47980315,2.21958655,0.24895584,0.65476779,0.22532011,0.04592484,0.14873641,16.53846687,48.54494779,3162.60516,4470.559211,8225.246711,683.3881579,1899.876645,311.3075658,0.771247709,12.76026466,76.3425724,0.547017476,10.96120814,50.15978169,21.93806025,0.015002567,-0.498990489,38.0148465,78.63702129,-0.085520368,0.226733268,31.33487142,96.26256055,21025.49535,50.48309039,3900.041659,31470.45249,2447.238335,8270.445343,948.024567,141.4214866,2622.450796,1172.776266,205.6139091,46.57,63.70087873
5,926369,576,NSIS,NA,6,NSIS 1,4H,CAAGCA,TCAAGC,1,10,0,0,0,0,0,0,0,0,326,0,0,0,0,0,0,0,0,727,0,0,0,0,0,0,0,0,0,0,0,0,0,0,0,0,0,0,0,0,0,0,0,0,0,0,0,0,0,0,0,0,0,0,0,0,0,0,0,0,0,0,0,0,0,0,0,0,0,0,0,0,0,0,0,0,0,0,0,0,0,0,0,0,0,0,0,0,0,0,0,0,0,0,0,0,0,0,0,1053,105.3,NT400200,LANGHOPE,V0,340008,620020,290,6, X6,74,GLEY,NA,A,MIN,1,27,0.694868127,3.3886233,6.084,4.61,3.5092681,1.42957192,0.12370096,0.13639201,0.09338018,0.03006323,0.12705033,12.38307966,29.56961239,915.4614147,2690.759076,10192.9868,190.5940594,481.3943894,232.6320132,0.61803998,6.893325581,249.780473,0.16269069,13.6173954,58.16243459,14.16106542,0.068163911,-0.912955322,41.10350536,40.50341675,-0.077806361,-0.058213724,18.84380817,101.0918506,24577.98823,43.91930576,1060.156546,29912.10922,2549.094355,6200.915645,309.2764379,95.44999186,773.4475428,455.1954206,62.36818382,37.71,85.69526035
6,926380,598,NSIS,NA,7,NSIS 1,7F,CAGTTG,ACCATC,2,10,0,0,0,106,0,0,0,3,2,0,0,0,20,0,1,1,0,204,0,1,0,0,0,0,0,0,0,0,0,0,0,0,0,0,0,0,0,0,0,0,0,0,0,0,0,0,0,0,0,0,0,0,0,0,0,0,0,0,0,0,0,0,0,0,0,40,0,0,0,0,0,0,0,0,0,0,0,0,0,0,0,0,0,2,0,0,0,0,0,0,0,0,0,0,0,0,0,380,38,NT600000,WORMSCLEUCH,V0,359962,599963,285,4, Y3B,66,GLEY,NOR,H,ORG,5,16,0.239343591,32.2900386,0,3.63,0.21359412,1.03746457,0.63105343,0.55671352,0.00488234,0.11611896,0.26754676,62.055197,3.781475461,2368.506641,3289.752066,3424.876033,8.429752066,671.6115702,-8.47107438,0.55833102,6.634117244,25.75637458,0.374467411,2.445253408,12.02185137,11.44727759,-0.123533362,-0.495017409,6.635222193,163.0905572,0.071446039,2.745799692,3.499375302,16.94992647,10586.52187,26.57403726,243.972866,7373.328509,1646.374866,902.4123173,18.49685587,262.8675037,2302.714913,3533.628739,85.72198797,72.03,50.79853223
7,926499,599,NSIS,NA,7,NSIS 1,7G,CAGTTG,TTCTGC,1,10,0,0,0,0,0,0,0,0,7,0,0,0,3,0,0,0,0,0,2,2,0,2,0,0,0,0,0,0,0,0,0,1,0,0,0,0,0,0,0,0,0,0,0,0,0,0,0,0,0,0,0,0,0,0,0,0,0,0,0,0,0,0,0,0,0,0,0,0,0,0,0,0,0,0,0,0,0,0,0,0,0,0,0,0,1,0,0,0,0,0,0,0,0,0,0,0,0,18,1.8,NM400800,MUCK,V0,139997,779966,20,4, N3D,45,PODZ,NOR,A,MIN,0,21,0.539051878,10.3140048,0,5.07,3.12350065,4.3344875,1.11930721,0.55429553,0.18484283,0.04972032,0.81069562,24.89654882,26.83541024,1689.285597,12410.7438,20117.27273,643.6363636,1092.107438,1462.272727,0.029941239,9.708899084,26.42066964,0.349378232,41.90789436,159.3002924,52.69920449,-0.222495604,-0.058548598,173.076433,12.98893256,-0.009905701,0.353478274,30.89791533,132.1306818,47434.75076,125.7346165,3065.737954,67951.36014,635.2331495,17821.51521,1139.26496,972.5299251,1331.146918,1502.802003,3456.60861,56.25,80.08433333
8,926511,600,NSIS,NA,7,NSIS 1,7H,CAGTTG,TCAAGC,1,10,0,0,0,0,1,0,0,0,1,0,0,0,0,0,0,0,0,0,0,0,0,0,0,0,0,0,0,0,0,0,0,0,0,0,0,0,0,0,0,0,0,0,0,0,0,0,0,0,0,0,0,0,0,0,0,0,0,0,0,0,0,0,0,0,0,0,0,0,0,0,0,0,0,0,0,0,0,0,0,0,0,0,0,0,0,0,0,0,0,0,0,0,0,0,0,0,0,2,0.2,NS600000,CRAIGTARSON,V0,259980,600000,408,14,CU1C,85,PODZ,NOR,O,ORG,0,27,0.164095238,38.7496625,0,4,0.36603618,0.79188049,0.44561974,0.94314374,0.00499918,0.09909101,0.61727091,64.34529742,3.807153328,1186.150134,8068.932677,3540.924466,-26.136289,331.36289,-83.95730706,1.555575348,21.72902528,15.6448982,0.365159056,0.367164812,11.95653545,13.19341843,0.050834776,-1.466430629,4.371434163,145.6401848,-0.177509422,2.429193595,5.623917466,17.89580236,12335.4005,-6.344875381,241.4707578,4960.903618,648.8621241,318.0237854,-24.44793921,219.6303017,1133.252241,3185.809399,489.5159387,77.05,103.9372594
9,926521,579,NSIS,NA,7,NSIS 1,5C,CACAGT,CACTTC,1,10,0,0,0,0,0,0,0,0,0,0,0,0,0,0,0,0,0,0,0,0,0,0,0,0,0,0,0,0,0,0,0,0,0,0,0,0,0,0,0,0,0,0,0,0,0,0,0,0,0,0,0,0,0,0,0,0,0,0,0,0,0,0,0,0,0,0,0,0,0,0,0,0,0,0,0,0,0,0,0,0,0,0,0,0,0,0,0,0,0,0,0,0,0,0,0,0,0,0,0,NS800200,ROUGH FLOW MOSS,V0,279998,620002,335,2,ES1B,100,PEAT,NOR,O,ORG,5,35,0.098253968,48.2542727,0,3.55,3.26672218,4.5327153,0.96039109,0.21405903,0.00387047,0.02092036,0.02197452,80.00264897,10.0856787,549.6039589,523.5064935,545.9788961,-26.81331169,25.64935065,-63.18181818,1.531456771,3.249186872,44.37097623,0.276956093,2.80302321,3.256994736,4.772835779,-0.176011565,0.292571822,2.827562211,34.80076567,0.535284854,1.426608311,23.7916773,26.3013479,1206.872707,8.356645398,1609.535412,319.899346,149.353286,756.9166534,-9.824523848,291.9025762,438.6904211,4189.476791,30.19412586,90.56,113.7959249
10,926563,582,NSIS,NA,7,NSIS 1,5F,CACAGT,ACCATC,2,10,0,1,0,15,0,2,2,0,336,0,0,0,0,0,0,0,0,0,0,0,0,0,0,1,0,0,0,0,0,0,80,0,0,0,0,10,0,0,0,0,0,1,0,0,0,0,2,0,0,0,0,0,0,0,0,62,14,0,0,0,0,0,0,0,0,0,0,0,0,0,0,0,0,0,0,0,0,0,0,12,0,1,0,0,0,0,0,0,0,0,0,0,0,0,0,0,0,539,53.9,NX400600,WOOD OF AUCHLEAND,V0,240040,560034,25,0, Y3B,55,PEAT,REC,O,ORG,0,21,0.314003539,27.5268124,0,3.92,0.32387752,0.26928738,0.11382834,0.29062104,0.00859417,0.28634729,1.81286255,64.81105531,1.515931391,2713.650188,11338.57616,5453.559603,9.437086093,1603.021523,77.19370861,0.7821425,7.624765604,28.57741921,0.236103648,1.855902785,34.75252414,35.24136321,0.123333534,-0.191714814,11.48490854,46.27676457,-0.078776134,2.378454886,2.612760506,18.7500684,27436.79473,20.70542465,296.0566689,15457.42828,1406.395601,2807.172363,63.88620849,70.01074387,2164.938974,4109.619427,231.83333,66.41,133.1013809
11,926631,583,NSIS,NA,7,NSIS 1,5G,CACAGT,TTCTGC,2,10,0,0,0,0,0,0,0,0,3,2,0,0,0,0,0,0,0,0,0,35,0,0,0,0,0,0,0,0,0,0,0,0,0,0,0,0,0,0,0,0,0,0,0,0,0,0,0,0,0,0,0,0,0,0,0,0,0,0,0,0,0,0,0,0,0,0,0,0,0,0,0,0,0,0,0,0,0,0,0,0,0,0,0,0,0,0,0,0,0,0,0,0,0,0,0,0,0,40,4,NS800800,BANKNOCK,V0,280014,679993,71,2, A1B,50,GLEY,NOR,A,MIN,0,28,1.10857766,3.5464712,5.094,6.27,8.86385013,1.76667455,0.10227195,0.1127222,0.02750361,0.00556765,0.02580286,6.741216155,61.66874544,1483.689026,4715.588723,6144.195688,180.0995025,881.3018242,986.5257048,0.023383178,5.618301848,92.37735614,0.245743194,9.794964824,25.25935344,15.01451549,-0.123459499,-0.870606738,18.09205663,43.33607349,-0.00836355,0.115842329,27.90235804,70.80389499,20044.91497,55.62067708,3735.991802,29517.81153,646.6926149,2960.983103,395.8372267,218.8530502,1261.178404,489.6459973,2386.372432,26.53,34.07940628
12,926740,587,NSIS,NA,7,NSIS 1,6C,CAGGAT,CACTTC,3,5,0,0,1,4,0,0,0,0,1004,0,0,91,95,0,0,0,0,25,1,0,0,0,0,0,0,0,0,169,0,0,0,160,0,0,191,16,0,0,0,131,0,0,0,0,0,0,0,0,0,0,0,0,0,0,67,0,0,0,0,0,0,0,0,0,0,0,0,0,0,0,0,33,0,0,0,0,0,21,0,0,0,3,0,1,0,0,0,1,0,0,0,0,0,0,0,0,0,2014,402.8,NT000200,WHELPHILL,V0,300029,619960,430,10,CU1B,45,PODZ,NOR,O,ORG,2,13,0.179878485,44.3082253,0,3.74,2.01202356,3.3371495,0.67384019,1.21498792,0.06162577,0.04020712,0.1266544,70.41870702,9.320509893,1899.141544,2348.831169,1773.738636,4.355519481,439.6103896,-41.36363636,0.397574711,8.845588599,38.16447992,0.658623344,2.170731001,8.476508238,13.64138965,-0.10815513,-0.572579381,8.111915176,242.8750706,0.068173293,2.012553703,10.8895534,53.3315513,5481.236005,13.17022323,903.1811517,3012.099606,1028.601165,755.5490072,44.69350029,239.6217787,1873.447427,4626.405502,47.39709808,80.17,368.9516395
13,926753,588,NSIS,NA,7,NSIS 1,6D,CAGGAT,GAAGTC,2,10,1,0,0,34,0,0,268,1,2,0,0,0,0,0,54,0,0,510,0,0,0,0,0,16,0,0,0,0,0,0,0,0,0,0,0,175,0,0,0,0,0,0,0,0,0,32,0,0,0,0,0,0,0,0,0,0,0,0,0,0,0,0,0,0,0,0,0,0,0,1,0,0,0,0,2,0,0,0,0,0,0,0,0,1,0,0,1,0,0,0,0,0,0,0,0,0,0,1098,109.8,NT000000,FOREST OF AE,V0,300027,600043,475,6,ES1A,90,PEAT,NOR,L,ORG,0,9,0.061217166,44.7325633,0,3.81,4.38860033,6.59197505,1.37543889,0.94332773,0.03707998,0.1180971,0.04859716,81.37777936,14.04704939,762.7901326,382.822186,2191.554649,27.54539967,174.5513866,-32.70799347,1.770272978,6.972186229,33.91634105,2.347028581,3.103811944,4.995214712,16.39141646,0.239147988,1.116838884,6.495446049,232.1469084,0.487075107,2.09476746,23.80367055,72.72232497,961.8149795,-3.197159672,1167.957878,3082.697577,541.7502051,929.6989161,-6.754374865,366.2787028,1036.493162,3276.060727,-4.34733703,92.53,564.9165913
14,926769,571,NSIS,NA,6,NSIS 1,4C,CAAGCA,CACTTC,1,10,1,0,0,0,0,0,0,0,2,0,0,0,0,0,0,0,0,55,0,1,0,0,0,0,0,0,0,0,0,0,0,0,0,0,0,0,0,0,0,0,0,0,0,0,0,0,0,0,0,0,0,0,0,0,0,0,0,0,0,0,0,0,0,0,0,0,0,0,0,0,0,0,0,0,0,0,0,0,0,0,0,0,0,0,0,0,0,1,0,0,0,0,0,0,0,0,0,60,6,NT200200,BLACK RIG,V1,320004,619964,491,8,ES1A,NA,PEAT,NOR,O,ORG,10,22,0.107142857,48.3706241,0,3.36,NA,NA,NA,NA,NA,NA,NA,NA,NA,NA,NA,NA,NA,NA,NA,NA,NA,NA,NA,NA,NA,NA,NA,NA,NA,NA,NA,NA,NA,NA,NA,NA,NA,NA,NA,NA,NA,NA,NA,NA,NA,90.88,229.1085691
15,926771,572,NSIS,NA,6,NSIS 1,4D,CAAGCA,GAAGTC,1,10,0,0,0,0,0,0,0,0,0,0,0,0,0,0,0,0,0,0,0,0,0,0,0,0,0,0,0,0,0,0,0,0,0,0,0,0,0,0,0,0,0,0,0,0,0,0,0,0,0,0,0,0,0,0,0,0,0,0,0,0,0,0,0,0,0,0,0,0,0,0,0,0,0,0,0,0,0,0,0,0,0,0,0,0,0,0,0,0,0,0,0,0,0,0,0,0,0,0,0,NT200200,BLACK RIG,V8,320012,619980,491,8,ES1A,NA,PEAT,NOR,O,ORG,15,29,0.095795745,49.2754992,0,3.3,NA,NA,NA,NA,NA,NA,NA,NA,NA,NA,NA,NA,NA,NA,NA,NA,NA,NA,NA,NA,NA,NA,NA,NA,NA,NA,NA,NA,NA,NA,NA,NA,NA,NA,NA,NA,NA,NA,NA,NA,NA,91,96.6466367
16,926817,590,NSIS,NA,7,NSIS 1,6F,CAGGAT,ACCATC,1,10,0,0,0,0,0,0,0,0,0,0,0,0,0,0,0,0,0,5,0,0,0,0,0,0,0,0,0,0,0,0,0,0,0,0,0,0,0,0,0,0,0,0,0,0,0,0,0,0,0,0,0,0,0,0,0,0,0,0,0,0,0,0,0,0,0,0,0,0,0,0,0,0,0,0,0,0,0,0,0,0,0,0,0,0,0,0,0,0,0,0,0,0,0,0,0,0,0,5,0.5,NM800000,MID LORN,V0,180059,699955,76,5,QR4A,21,RANK,NOR,A,MIN,2,17,0.221140405,25.5547928,0,3.84,5.1045544,5.86830755,1.76009778,1.10926157,0.07198226,0.05193002,0.06147807,48.64403587,22.15242507,958.383312,1088.962109,1793.492586,23.22899506,226.5650741,27.8830313,0.756837684,5.450938074,53.86934888,0.297668155,1.679016933,13.92602672,8.33108148,0.270360128,0.288441028,6.699000217,55.30942058,-0.076270464,0.446582236,35.07374636,37.71387781,6096.303541,10.80053777,2067.302933,5215.726363,1429.937865,1597.41287,49.04777547,497.3047613,850.1756644,1740.353321,1090.187615,70.88,221.9573735
17,926825,603,NSIS,NA,7,NSIS 1,8C,CCATAC,CACTTC,2,10,12,2,0,139,0,0,2,0,2261,0,0,0,2,0,0,0,0,97,0,1,0,0,0,0,0,0,1,0,0,0,208,0,0,0,0,0,0,0,0,0,0,0,0,0,0,2,86,0,0,0,0,0,0,0,0,0,0,0,0,0,0,0,0,0,0,0,0,0,0,0,0,0,0,0,0,0,0,0,0,0,0,7,1,1,0,0,0,2,0,0,0,0,0,0,0,0,0,2825,282.5,NG400000,RHUM,V0,140024,799988,25,5, M2,70,PODZ,NOR,A,MIN,0,22,0.811443931,7.6596304,1.768,4.81,0.95915227,1.00546226,0.27201329,0.22865245,0.04330061,0.03109751,0.43425888,16.32984486,13.11659408,1046.03865,4150.660066,4497.442244,30.69306931,569.5132013,182.4339934,-0.010906667,13.61007333,24.23244351,0.173266106,3.311801739,55.77390474,8.275627571,-0.205262443,-0.687998769,17.04231362,106.5855344,-0.009299097,1.137704952,8.797700266,25.11634876,14349.24556,22.08729332,744.3412681,12943.26761,678.6945035,2120.85571,97.79817217,173.8347003,690.5832876,972.2957815,634.2407889,33.17,56.48079353
18,926828,566,NSIS,NA,6,NSIS 1,3F,CAACTC,ACCATC,1,10,0,0,0,0,1,0,0,0,1,0,0,0,0,0,1,0,0,3,0,0,538,0,0,0,0,0,0,0,0,0,0,0,0,0,0,0,0,0,0,0,0,0,0,0,0,0,8,0,0,0,0,0,0,0,0,0,0,0,0,0,0,0,0,0,0,0,0,0,0,0,0,0,0,0,0,0,0,0,0,0,0,0,0,0,0,0,0,0,0,0,0,0,0,0,0,0,0,552,55.2,NR400600,ISLAY,V1,140062,659966,NA,NA,ES1E,NA,PEAT,NOR,O,ORG,0,19,0.069303394,46.7477837,0,3.77,NA,NA,NA,NA,NA,NA,NA,NA,NA,NA,NA,NA,NA,NA,NA,NA,NA,NA,NA,NA,NA,NA,NA,NA,NA,NA,NA,NA,NA,NA,NA,NA,NA,NA,NA,NA,NA,NA,NA,NA,NA,92.28,154.433048
19,926835,604,NSIS,NA,7,NSIS 1,8D,CCATAC,GAAGTC,2,10,4,0,0,36,0,0,85,0,25,296,0,0,0,1,139,0,0,119,0,0,1,0,0,4,0,0,0,0,0,0,1,0,0,0,0,0,0,0,0,0,0,0,0,0,0,0,0,0,0,0,0,69,0,0,0,0,0,0,0,0,0,0,0,0,0,0,0,7,0,2,0,0,0,0,4,0,0,1,0,0,0,0,18,1,0,0,15,2,0,0,0,0,0,13,0,0,0,849,84.9,NR400600,ISLAY,V0,140062,659982,137,5,ES1E,70,PEAT,NA,O,ORG,0,19,0.10952381,47.7799507,0,4.01,2.86477396,7.15496899,1.9943644,1.27828281,0.00806298,0.02636615,0.02314498,56.13822888,19.1448533,684.240002,531.8962723,1736.341977,16.11993517,68.39546191,-9.400324149,0.417994057,9.271828606,15.22451669,0.966468426,1.959925272,3.303905123,6.982165768,-0.169548227,-0.852964702,4.033027795,136.2479978,0.072640207,3.605348377,28.76225705,47.8282708,1193.802345,14.2559806,1363.568221,2263.545012,713.3431516,1286.302983,-6.518574337,585.6922718,475.4532768,2681.430245,88.94208357,89.02,180.5913615
20,926836,591,NSIS,NA,7,NSIS 1,6G,CAGGAT,TTCTGC,1,10,0,0,0,0,0,0,0,0,0,0,0,0,0,0,0,0,0,2,0,0,0,0,0,0,0,0,0,1,0,0,0,0,0,0,0,0,0,0,0,0,0,0,0,0,0,0,0,0,0,0,0,0,0,0,0,0,0,0,0,0,0,0,0,0,0,0,0,0,0,0,0,0,0,0,0,0,0,0,0,0,0,0,0,0,0,0,0,0,0,0,0,0,0,0,0,0,0,3,0.3,NR400600,ISLAY,V0,140062,659982,137,5,ES1E,70,PEAT,NOR,O,ORG,19,72,0.10984127,52.7509739,0,3.82,2.471277,7.63388292,1.80012623,0.08425302,0.00082604,0.02436742,0.01819045,83.57779932,12.54564515,300.1625971,585.2373159,1270.250409,12.85106383,13.09328969,45.49918167,-0.164221702,0.467651205,13.84465079,0.233390578,1.300722886,0.144645605,1.44319337,-0.432958011,-2.879861374,0.703434417,12.81146789,-0.015323734,2.36762017,32.87696727,15.09534587,998.5984567,5.872829085,1208.280206,1387.727762,87.95105336,1312.686057,-15.19322636,478.9618387,157.4788244,4291.515476,61.87134197,90.63,68.51803825
21,926839,573,NSIS,NA,6,NSIS 1,4E,CAAGCA,TAGCTC,2,10,0,0,0,0,0,0,0,3,2,0,0,0,0,0,0,0,0,597,0,0,0,0,0,0,0,0,0,0,0,0,0,0,0,0,0,0,0,0,0,0,0,0,0,0,0,0,0,0,0,0,0,0,0,0,0,0,0,0,0,0,0,0,0,0,0,0,0,0,0,0,0,0,0,0,0,0,0,0,0,0,0,0,0,0,0,0,0,0,0,0,0,0,0,0,0,0,0,602,60.2,NR600800,JURA,V5,159994,680012,90,25, Y3B,NA,RANK,SH,H,ORG,6,8,0,32.1193479,0,3.78,NA,NA,NA,NA,NA,NA,NA,NA,NA,NA,NA,NA,NA,NA,NA,NA,NA,NA,NA,NA,NA,NA,NA,NA,NA,NA,NA,NA,NA,NA,NA,NA,NA,NA,NA,NA,NA,NA,NA,NA,NA,57.84,124.4541036
22,926841,574,NSIS,NA,6,NSIS 1,4F,CAAGCA,ACCATC,1,10,0,0,0,0,0,0,0,0,0,0,0,1,0,0,0,0,0,1,0,0,0,0,0,0,0,0,0,0,0,0,0,0,0,0,0,0,0,0,0,0,0,0,0,0,0,12,0,0,0,0,0,0,0,0,0,0,0,0,0,0,0,0,0,0,0,0,0,0,0,0,0,0,0,0,0,0,0,0,0,0,0,0,0,0,0,0,0,0,0,0,0,0,0,0,0,0,0,14,1.4,NR600800,JURA,V12,160002,680028,90,25, Y3B,NA,RANK,SH,H,ORG,10,13,0,26.8165717,0,3.47,NA,NA,NA,NA,NA,NA,NA,NA,NA,NA,NA,NA,NA,NA,NA,NA,NA,NA,NA,NA,NA,NA,NA,NA,NA,NA,NA,NA,NA,NA,NA,NA,NA,NA,NA,NA,NA,NA,NA,NA,NA,55.62,51.14660831
23,968475,615,NSIS,NA,7,NSIS 1,9G,CCTGTA,TTCTGC,1,10,0,0,0,0,0,0,0,0,1,0,0,0,0,0,0,0,0,1,0,0,0,1,0,0,0,0,0,0,0,0,0,0,0,0,0,0,0,0,0,0,0,0,0,0,0,0,0,0,0,0,0,0,0,0,0,0,0,0,0,0,0,0,0,0,0,0,0,0,0,0,0,0,0,0,0,0,0,0,0,0,0,0,0,0,0,0,0,0,0,0,0,0,0,0,0,0,0,3,0.3,NT000800,BORROWSTOUN,V3,299993,680001,NA,NA,AR2B,NA,GLEY,NOR,A,MIN,0,34,1.154054726,3.7930033,0,5.97,NA,NA,NA,NA,NA,NA,NA,NA,NA,NA,NA,NA,NA,NA,NA,NA,NA,NA,NA,NA,NA,NA,NA,NA,NA,NA,NA,NA,NA,NA,NA,NA,NA,NA,NA,NA,NA,NA,NA,NA,NA,22.27,17.65321331
24,968477,620,NSIS,NA,7,NSIS 1,10D,CGATCT,GAAGTC,1,10,3,0,0,0,0,0,0,1,2,0,0,0,0,0,0,0,0,4,0,0,0,0,0,0,0,0,0,0,0,0,0,0,0,0,0,0,0,0,0,0,0,0,0,0,0,0,0,0,0,0,0,0,0,0,0,0,0,0,0,0,0,0,0,0,0,0,0,0,0,1,0,0,0,0,0,0,0,0,0,0,0,0,0,0,0,0,0,0,0,0,0,0,0,0,0,0,0,11,1.1,NT000800,BORROWSTOUN,V9,300009,680005,NA,NA,AR2B,NA,GLEY,NOR,A,MIN,0,35,1.254296416,3.979148,0,6.11,NA,NA,NA,NA,NA,NA,NA,NA,NA,NA,NA,NA,NA,NA,NA,NA,NA,NA,NA,NA,NA,NA,NA,NA,NA,NA,NA,NA,NA,NA,NA,NA,NA,NA,NA,NA,NA,NA,NA,NA,NA,23.28,21.71355706
25,968478,616,NSIS,NA,7,NSIS 1,9H,CCTGTA,TCAAGC,1,10,0,0,0,0,0,0,0,0,0,0,0,0,0,0,0,0,0,0,0,0,0,0,0,0,0,0,0,0,0,0,0,0,0,0,0,0,0,0,0,0,0,0,0,0,0,0,0,0,0,0,0,0,0,0,0,0,0,0,0,0,0,0,0,0,0,0,0,0,0,0,0,0,0,0,0,0,0,0,0,0,0,0,0,0,0,0,0,0,0,0,0,0,0,0,0,0,0,0,0,NT000800,BORROWSTOUN,V11,299993,680013,NA,NA,AR2B,NA,GLEY,NOR,A,MIN,0,33,1.318373156,3.9878963,0,5.92,NA,NA,NA,NA,NA,NA,NA,NA,NA,NA,NA,NA,NA,NA,NA,NA,NA,NA,NA,NA,NA,NA,NA,NA,NA,NA,NA,NA,NA,NA,NA,NA,NA,NA,NA,NA,NA,NA,NA,NA,NA,22.81,35.02571676
26,968482,647,NSIS,NA,7,NSIS 2,1G,CTGAAC,TTCTGC,1,10,1,0,0,0,0,0,0,0,1,0,0,0,0,0,0,0,0,3,0,1,1,0,0,0,0,0,0,0,0,0,0,0,0,0,0,0,0,0,0,0,0,0,0,0,0,0,0,0,0,0,0,0,0,0,0,0,0,0,0,0,0,0,0,0,0,0,0,0,0,0,0,0,0,0,0,0,0,0,0,0,0,0,0,0,0,0,0,0,0,0,0,0,0,0,0,0,0,7,0.7,NT000800,BORROWSTOUN,V0,299993,680005,99,5,AR2B,32,GLEY,NOR,A,MIN,0,32,1.347800795,3.5306869,6.672,5.94,7.83098828,1.2309753,0.06086154,0.22917697,0.04276935,0.00156032,0.00713872,5.970514141,61.03437548,948.0850389,2274.061015,5661.532797,191.0324196,439.220297,-137.1782178,0.510197048,5.790736497,94.74359185,0.155355001,14.38755676,35.45359288,32.70363079,-0.029739386,0.624991384,28.46899529,82.6009021,0.266986115,0.54795163,23.1782519,74.0806114,19831.35926,39.45353774,2817.818297,32065.88448,1310.18602,2973.938594,347.3931701,118.059597,792.3360159,325.6587759,825.498824,21.53,20.71372022
27,968504,627,NSIS,NA,7,NSIS 1,11C,CGTAGA,CACTTC,1,10,3,0,0,0,0,0,0,0,3,1,0,0,0,0,0,0,0,1,0,1,1,1,0,0,0,0,0,0,0,0,0,0,0,0,0,0,0,0,0,0,0,0,0,0,0,0,0,0,0,0,0,0,0,0,0,0,0,0,0,0,0,0,0,0,0,0,0,0,0,0,0,0,0,0,0,0,0,0,0,0,0,0,0,0,0,0,0,0,0,0,0,0,0,0,0,0,0,11,1.1,NC600400,LOCH EILEANACH,V0,259996,939958,195,5,ES1D,30,PEAT,NOR,O,ORG,24,42,0.08515873,47.3936015,0,4.14,2.01510836,5.27449377,1.68651638,0.67867162,0.02141954,0.33329227,0.08641245,63.20641195,13.25093445,752.9360714,1401.955257,13001.47165,14.24775869,136.1051325,124.6192053,0.127125167,1.063925979,17.82233934,0.086912104,3.95475454,3.911890686,4.619144279,-0.226501629,-0.661795348,3.023029711,10.35951674,0.292151006,1.521666821,20.46185036,7.688421832,1902.929523,21.58984652,825.016392,19029.29523,332.4204686,754.9678305,-6.013347533,393.5578605,613.6299115,3286.980813,69.45072362,93.11,323.6551877
28,968515,648,NSIS,NA,7,NSIS 2,1H,CTGAAC,TCAAGC,1,10,0,0,0,0,0,0,0,0,0,0,0,0,0,0,0,0,0,3,0,0,0,0,0,0,0,0,0,0,0,0,0,0,0,0,0,0,0,0,0,0,0,0,0,0,0,0,0,0,0,0,0,0,0,0,0,0,0,0,0,0,0,0,0,0,0,0,0,0,0,0,0,0,0,0,0,0,0,0,0,0,0,0,0,0,0,0,0,0,0,0,0,0,0,0,0,0,0,3,0.3,ND000600,ACHVARASDAL,V0,299990,959997,120,5, Y3B,62,PODZ,NOR,O,ORG,22,39,0.210698413,49.6637101,0,4.02,0.55731094,1.39227399,0.74658089,0.38103859,0.00023252,0.10786976,0.34525883,73.84483571,4.000419653,578.749042,5877.546604,5065.284574,2.300566694,153.9402619,103.5515548,0.553765133,1.229360806,21.8344208,0.056736328,1.534489927,2.70967926,1.380819827,-0.178765865,-0.59566511,3.730092951,11.39812043,0.602187798,2.382439333,17.42331503,7.129629353,7911.246341,11.04213645,374.4464974,6730.529307,220.0025184,188.9368362,-20.91682235,195.1278618,528.5588144,2148.06479,220.6658426,78.52,120.2178917
29,968529,624,NSIS,NA,7,NSIS 1,10H,CGATCT,TCAAGC,1,10,0,0,0,5,0,0,0,0,0,0,0,0,0,11,5,0,0,0,0,0,0,0,0,0,0,0,0,0,0,0,0,0,0,0,0,0,0,0,0,0,0,0,0,0,0,0,0,0,0,0,0,0,0,0,0,0,0,0,0,0,0,0,0,0,0,0,0,0,0,0,0,0,0,0,0,0,0,0,0,0,0,0,0,0,0,0,0,0,0,0,0,0,0,0,0,0,0,22,2.2,NC400200,SALLACHY,V1,240029,919998,420,NA,ES1F,NA,PEAT,NOR,O,ORG,0,17,0.084072602,46.1586031,0,3.67,NA,NA,NA,NA,NA,NA,NA,NA,NA,NA,NA,NA,NA,NA,NA,NA,NA,NA,NA,NA,NA,NA,NA,NA,NA,NA,NA,NA,NA,NA,NA,NA,NA,NA,NA,NA,NA,NA,NA,NA,NA,90.03,267.0077157
30,968531,621,NSIS,NA,7,NSIS 1,10E,CGATCT,TAGCTC,2,10,1,0,0,2,0,0,0,0,1,0,0,0,0,0,57,0,0,238,0,29,0,0,0,11,0,0,0,0,0,0,0,0,0,0,0,0,0,0,0,0,0,1,0,0,0,0,0,0,0,0,0,0,0,0,0,0,0,0,0,0,0,0,0,0,0,0,0,0,0,0,0,0,0,0,3,0,0,1,0,0,0,0,0,0,0,0,0,0,0,0,0,0,0,0,0,0,0,344,34.4,NC400200,SALLACHY,V8,240037,920014,420,NA,ES1F,NA,GLEY,NOR,O,ORG,0,13,0.09299639,46.8495766,0,3.97,NA,NA,NA,NA,NA,NA,NA,NA,NA,NA,NA,NA,NA,NA,NA,NA,NA,NA,NA,NA,NA,NA,NA,NA,NA,NA,NA,NA,NA,NA,NA,NA,NA,NA,NA,NA,NA,NA,NA,NA,NA,87.54,153.5496041
31,968532,622,NSIS,NA,7,NSIS 1,10F,CGATCT,ACCATC,2,10,0,0,0,0,0,0,8,0,9,0,0,0,0,0,1,0,0,260,0,28,9,0,0,0,0,0,0,0,0,0,0,0,0,0,0,0,0,0,0,0,0,0,0,0,0,0,5,0,0,0,0,0,0,0,0,0,0,0,0,0,0,0,0,0,0,0,0,0,0,0,0,0,0,0,0,0,0,0,0,0,0,0,0,0,0,0,0,0,0,0,0,0,0,0,0,0,0,320,32,NC400200,SALLACHY,V10,240029,920018,NA,NA,ES1A,NA,PEAT,NA,O,ORG,0,17,0.088527118,47.5441741,0,3.93,NA,NA,NA,NA,NA,NA,NA,NA,NA,NA,NA,NA,NA,NA,NA,NA,NA,NA,NA,NA,NA,NA,NA,NA,NA,NA,NA,NA,NA,NA,NA,NA,NA,NA,NA,NA,NA,NA,NA,NA,NA,88.54,75.68580844
32,968538,651,NSIS,NA,7,NSIS 2,2C,CTTGCT,CACTTC,1,10,17,0,0,0,0,0,0,0,11,0,0,0,0,0,0,0,0,13,0,0,0,1,0,0,0,0,0,0,0,0,0,0,0,0,0,0,0,0,0,0,0,0,0,0,0,0,0,1,0,0,0,0,0,0,0,0,0,0,0,0,0,0,0,1,0,0,0,0,0,0,0,0,0,0,0,0,0,0,0,0,0,0,0,1,0,0,0,0,0,0,1,0,0,0,0,0,0,46,4.6,NC400200,SALLACHY,V0,240029,920014,420,8,ES1A,60,PEAT,NOR,O,ORG,47,95,0.157857143,52.9415893,0,3.83,6.30466747,14.84918877,1.62582486,0.21877314,0.00119932,0.00319279,0.01891835,128.5040812,15.1802438,215.8199626,1493.301625,941.648125,-39.65725625,31.7625,156.2,0.077185598,0.600508339,32.0774481,0.172565467,4.182002915,3.004368431,2.830219795,-0.321626957,-1.214412728,3.543863856,3.059170449,0.295200206,3.417210303,81.76461145,5.253686831,2598.833495,-4.233151466,3113.972468,1115.281966,116.0584967,2391.803647,-26.42675109,402.2468151,64.09400507,3234.536908,109.1899771,86.98,75.7124779
33,968546,628,NSIS,NA,7,NSIS 1,11D,CGTAGA,GAAGTC,2,10,11,0,0,0,0,0,0,0,10,1323,0,0,0,5,1,0,2,2,0,0,0,0,0,0,0,0,0,0,0,0,0,0,0,0,0,0,0,0,0,0,0,0,0,0,0,0,0,0,0,0,0,0,0,0,0,0,0,0,0,0,0,0,0,0,0,0,1,0,0,0,0,0,0,0,0,0,0,0,0,0,0,0,0,0,0,0,0,0,0,0,0,0,0,0,0,0,0,1355,135.5,NC600200,COIRE NA SEILGE,V0,259998,919993,325,8, Y4A,60,PEAT,NOR,O,ORG,5,27,0.135253968,48.3530761,0,3.81,3.17191143,7.17810174,1.084227,0.28121301,0.00162464,0.00528004,0.0168666,73.85406532,13.69115239,522.6957132,1037.922401,1041.235767,13.55865718,29.76485149,-853.019802,-0.139538795,2.172285918,20.11548408,0.24064036,2.78728161,2.049985638,3.783155315,0.192069677,1.600386515,2.666146095,17.52970674,1.927685359,1.354621192,34.58186,19.03225303,1486.239588,2.444840827,1818.19749,567.8227266,176.1124026,1257.945733,-22.16546972,306.9154635,408.3664573,3341.709544,106.4478338,85.11,135.9810926
34,968549,623,NSIS,NA,7,NSIS 1,10G,CGATCT,TTCTGC,2,10,0,0,0,6,0,0,0,0,397,0,0,0,0,0,0,0,0,116,0,0,0,0,0,0,0,0,0,0,0,0,0,1,0,0,0,0,0,0,0,0,0,0,0,0,0,0,0,0,0,0,0,1,0,0,0,0,0,0,0,0,0,0,0,0,0,0,0,0,0,0,0,0,0,0,0,0,0,0,0,0,0,0,0,0,19,0,0,0,0,0,0,0,0,0,0,0,0,541,54.1,NC400000,BRAE&OAPE,V1,239995,899976,30,NA, Y3B,NA,EART,NOR,A,MIN,5,21,0.478943348,6.2843264,0,4.29,NA,NA,NA,NA,NA,NA,NA,NA,NA,NA,NA,NA,NA,NA,NA,NA,NA,NA,NA,NA,NA,NA,NA,NA,NA,NA,NA,NA,NA,NA,NA,NA,NA,NA,NA,NA,NA,NA,NA,NA,NA,30.95,29.55749547
35,968551,619,NSIS,NA,7,NSIS 1,10C,CGATCT,CACTTC,2,10,3,0,0,18,0,0,1,1,493,0,0,0,1,0,0,0,0,109,0,43,0,0,0,0,0,0,0,15,0,0,0,104,0,0,0,0,0,0,0,0,0,96,0,0,7,1,10,0,0,0,0,0,0,0,0,0,0,0,0,0,0,0,0,0,0,0,1,0,0,1,0,0,0,0,0,22,0,0,0,0,0,0,0,1,0,17,0,1,0,0,0,0,0,0,0,0,0,945,94.5,NC400000,BRAE&OAPE,V8,240003,899992,30,NA, Y3B,NA,EART,NOR,A,MIN,2,20,0.934047115,4.2617624,0,4.47,NA,NA,NA,NA,NA,NA,NA,NA,NA,NA,NA,NA,NA,NA,NA,NA,NA,NA,NA,NA,NA,NA,NA,NA,NA,NA,NA,NA,NA,NA,NA,NA,NA,NA,NA,NA,NA,NA,NA,NA,NA,34.45,46.23365872
36,968556,667,NSIS,NA,7,NSIS 2,4C,GACTTC,CACTTC,1,10,0,0,0,0,0,0,0,0,0,0,0,0,0,0,0,0,0,3,0,0,0,0,0,0,0,0,0,0,0,0,0,0,0,0,0,0,0,0,0,0,0,0,0,0,0,1,0,0,0,0,0,0,0,0,0,0,0,0,0,0,0,0,0,0,0,0,0,0,0,0,0,0,0,0,0,0,0,0,0,0,0,0,0,1,0,0,0,0,0,0,0,0,0,0,0,0,0,5,0.5,NC400000,BRAE&OAPE,V0,239995,899992,30,9, Y3B,70,EART,NOR,A,MIN,3,21,0.764037453,5.0363753,1.915,4.6,1.97642824,1.24202097,0.17902727,0.18237589,0.4658712,0.02972282,0.09207379,12.4089927,22.38968702,469.2296825,1668.894174,3644.279132,518.5217293,237.285124,395.4049587,0.105091965,0.859936195,31.25183796,0.077210423,4.851694647,10.72366989,5.571201832,-0.03920778,-0.43660656,5.229065697,14.60972359,0.12960321,0.630143269,6.812083633,21.0847776,6725.272972,10.89729121,598.9935608,9743.220069,1463.014963,1624.380662,712.3580711,98.2492422,293.2668389,340.5531166,642.3988913,35.43,49.20219733
37,968578,652,NSIS,NA,7,NSIS 2,2D,CTTGCT,GAAGTC,1,10,28,0,0,1,0,0,2,0,14,0,1,0,0,0,0,0,0,11,1,0,0,0,0,1,0,1,0,0,0,0,0,0,0,0,0,0,0,0,0,0,0,0,0,0,0,0,0,0,0,0,0,0,0,0,1,0,0,0,0,0,0,0,0,0,0,0,0,0,0,0,0,0,0,0,0,0,0,0,0,0,0,0,0,0,0,0,0,0,0,0,0,0,0,0,0,0,0,61,6.1,NH400800,STRATHRANNOCH,V0,240025,880000,500,2,SF1,40,PEAT,NOR,O,ORG,12,38,0.078539683,46.3763957,0,3.72,7.36936719,12.8684113,1.98536188,0.45353297,0.00449846,0.01070555,0.01581113,82.0399061,21.65528464,537.001433,535.1660773,1505.080387,18.67277344,28.43338816,-226.5296053,1.046691859,2.350981494,17.66679941,0.482708847,4.371356215,3.634378618,2.834264311,-0.00814234,0.50394574,3.1453561,25.18580761,0.775204005,1.799970206,47.1229445,15.29056323,1465.919613,12.67325962,2200.60133,2018.078841,265.4037702,1619.743598,0.069909557,483.0532288,452.632814,2438.224948,133.3906492,94.82,281.3015773
38,968587,629,NSIS,NA,7,NSIS 1,11E,CGTAGA,TAGCTC,2,10,0,0,0,0,0,0,3,0,4,5,0,1,0,786,747,0,0,1,0,1,0,0,0,89,0,0,0,0,0,240,0,0,0,1,0,0,0,0,0,0,0,0,0,0,0,0,0,0,0,0,0,0,0,0,0,0,0,0,0,0,0,0,0,0,0,0,0,0,0,0,0,0,0,0,0,0,0,4,0,0,0,0,0,0,0,0,0,0,0,0,0,0,0,0,0,0,0,1882,188.2,ND000400,DALGANACHAN,V0,299986,939982,162,1,ES1A,42,PEAT,NOR,O,ORG,0,11,0.107777778,47.1521961,0,3.95,5.79478336,15.88336904,2.2489245,0.70642946,0.01104281,0.00517979,0.01007097,85.21709498,22.42455304,348.7149037,332.3700247,620.8698602,6.259286595,85.86759868,126.2664474,0.138952527,5.101908528,18.64337925,0.73956726,3.907894352,3.843887744,6.065498916,-0.207032283,-0.983374249,3.374893871,56.72149217,0.301878438,1.866665438,48.2144321,43.17536642,531.3712212,6.990685339,2466.000039,98.33742487,362.7429033,2187.862234,-11.50024181,548.2456906,171.1885822,3551.78486,10.84970192,91.03,206.0615471
39,968597,630,NSIS,NA,7,NSIS 1,11F,CGTAGA,ACCATC,2,10,2,7,3,10,0,0,0,0,322,0,0,0,0,1,0,1,71,1,0,0,0,0,0,0,399,0,0,0,0,0,0,0,0,174,0,0,0,1,0,0,0,0,0,0,0,0,0,0,0,0,0,0,0,0,0,0,0,0,0,0,0,0,0,0,0,0,0,0,0,0,0,0,0,0,0,0,0,0,0,0,0,4,0,0,0,0,0,0,0,0,0,0,0,0,0,0,0,997,99.7,ND200600,CORSBACK,V0,320000,960000,30,1, A1B,39,GLEY,NOR,A,MIN,0,26,1.285185661,2.2405073,6.514,5.37,4.55800108,1.25883837,0.1538843,0.109916,0.02409219,0.00545294,0.02054986,5.440348798,52.77880214,912.3326308,1485.148168,4666.268526,172.3707594,411.7060261,202.3778502,0.587893989,14.37243423,142.6582133,0.373754365,11.92033754,49.78822414,19.73354004,0.027587357,1.827649708,34.48673463,22.04856301,0.363803828,0.966115943,19.48985342,82.34577297,14651.65849,32.6337009,2084.028348,20225.9901,1616.454631,5371.25942,273.6905438,158.4978441,763.0437532,352.1779452,411.4242566,24.32,36.92915099
40,968608,631,NSIS,NA,7,NSIS 1,11G,CGTAGA,TTCTGC,2,10,2,0,0,0,0,0,0,0,2190,0,0,2,0,0,0,0,0,57,0,0,297,0,487,3,1,0,0,304,0,0,0,0,0,0,0,0,0,0,0,0,0,1,0,0,0,0,0,0,0,0,0,0,0,0,0,0,0,0,0,0,0,0,0,0,0,0,0,0,0,0,0,0,0,0,0,0,0,0,0,0,0,0,0,0,0,0,0,0,0,0,0,0,0,0,0,0,0,3345,334.5,ND200400,SHEPPARDSTOWN,V0,320001,939962,185,3,CU1C,46,GLEY,NA,O,ORG,7,18,0.262698413,47.0071425,0,4.09,2.44474069,3.02765199,1.01459162,0.83675433,0.04047626,0.04920458,0.05874567,60.16672904,10.8515156,968.4146685,1290.639894,5448.263298,28.81447831,318.1792144,111.4075286,0.17026709,15.69757155,43.02509574,0.196506096,4.631356511,9.255838173,4.53969186,-0.261244256,0.768722683,5.418526705,59.68514613,0.296191405,1.85620919,18.92875051,14.04760782,2578.06832,14.76946695,1091.382256,8276.172212,559.8418583,477.8019953,20.70475313,353.5963927,761.9624146,2323.698913,118.1328195,73.77,69.44096957
41,968619,668,NSIS,NA,7,NSIS 2,4D,GACTTC,GAAGTC,2,10,7,0,0,45,0,6,0,32,156,9,0,0,0,0,18,0,1,1167,20,16,28,1,0,15,0,397,0,5,0,0,160,0,0,0,0,1,0,0,0,0,0,0,18,0,5,85,35,0,73,0,0,0,0,1,0,0,0,0,0,1,0,45,0,0,0,0,22,2,44,8,0,0,0,0,0,9,0,11,0,1,0,2,0,8,0,0,0,11,0,0,0,16,0,0,0,0,1,2484,248.4,NC200600,AISIR,V0,220018,959960,85,4,CU1D,85,PEAT,NA,O,ORG,0,13,0.413500653,20.6141876,0,4.38,1.24647526,2.43057478,0.82849176,0.34080885,0.00187706,0.04324461,0.10816501,33.60503125,12.60383999,342.2167952,1986.061217,2129.948469,1.830540149,58.87003311,93.82450331,0.562499452,0.646890114,34.91086352,0.022409709,2.421508182,14.07560673,2.645080459,-0.512536821,-0.498366747,4.384325824,10.11428385,0.793629101,0.10185659,14.69489144,9.580019583,7005.264676,8.343549432,506.5539006,3402.917003,2272.459997,912.2378678,-1.399163592,278.6781198,189.5640996,1573.403019,411.0371062,55.31,55.24877663
42,968630,632,NSIS,NA,7,NSIS 1,11H,CGTAGA,TCAAGC,1,10,0,0,0,0,1,0,0,3,2,0,0,0,0,0,0,0,0,1035,0,0,103,0,0,2,0,0,0,0,0,0,0,0,0,0,0,0,0,0,0,0,0,0,0,0,0,0,0,0,0,0,0,0,0,0,0,0,0,0,0,0,0,0,0,0,0,0,0,0,0,0,0,0,0,0,0,0,0,0,0,0,0,0,0,0,0,0,0,0,0,0,0,0,0,0,0,0,0,1148,114.8,NC400600,ALLT AN LAGAIN,V0,240005,959995,228,5,CU1D,32,RANK,NOR,O,ORG,0,15,0.130592959,45.4299481,0,3.7,4.39149909,10.89039851,2.05736437,1.08216296,0.00378619,0.0056856,0.01314847,61.2500029,23.12174569,610.474383,610.0996324,753.5765931,-36.91887868,116.4338235,161.9607843,0.122139924,2.515969855,21.25347242,0.33985293,3.275826522,3.847689022,5.234568154,-0.025621241,-0.25609984,3.03942667,31.41866606,0.273773543,2.880701055,36.07912029,24.43924185,1448.793379,0.773140088,1751.610333,768.5246621,650.2121647,1644.667543,-20.93827262,608.2230481,520.5299601,2885.203909,214.8987227,85.82,139.6684708
43,968639,669,NSIS,NA,7,NSIS 2,4E,GACTTC,TAGCTC,2,10,0,0,0,10,1,0,1,0,0,30,0,0,0,1,1,0,0,27,0,20,0,0,0,5,0,1,0,0,0,0,0,0,0,0,0,8,0,0,0,0,0,0,0,0,0,0,0,0,0,0,0,0,0,0,0,0,0,0,0,0,0,0,0,0,0,0,0,4,0,1,0,0,0,0,0,0,0,0,0,0,0,0,0,1,0,0,0,0,0,0,0,0,0,0,0,0,0,111,11.1,NC400400,SAIL NAN AIGHEAN,V0,240107,940041,540,16,SF1,62,PEAT,NOR,O,ORG,0,17,0.12922632,46.3636158,0,3.86,3.92884601,15.26368693,1.75183798,0.83646502,0.00391342,0.00530845,0.01087366,86.99499932,20.02359797,823.1574668,564.4792289,750.8936567,3.823625622,121.6542289,93.9800995,0.511848884,1.930165999,17.99656554,0.311505438,1.676016027,1.388666285,3.248998283,-0.287693188,-0.506124785,2.139668002,30.45220378,0.6825415,1.107498569,46.14768174,37.83629078,896.0503721,-5.548941042,1821.408128,41.53405839,423.5832856,2269.032627,-16.77160847,453.2341156,695.2489983,2604.464797,128.4487693,85.66,142.8387622
44,968648,653,NSIS,NA,7,NSIS 2,2E,CTTGCT,TAGCTC,1,10,4,0,0,0,0,0,0,0,7,0,0,0,0,0,4,0,0,6,0,0,0,1,0,0,0,0,0,0,0,1,0,0,0,0,0,0,0,0,0,1,0,0,0,0,0,0,0,0,0,0,0,0,0,0,0,0,0,0,0,0,0,0,0,0,0,0,0,0,0,0,0,0,0,0,0,0,0,0,0,0,0,0,0,0,0,0,0,1,0,0,0,0,0,0,0,0,0,26,2.6,NC600000,ACHINDUICH,V0,259978,900069,235,5,CU1C,70,PEAT,REC,O,ORG,0,32,0.131888889,46.5443529,0,3.85,1.9101638,4.90938272,1.39181768,0.77030586,0.00706963,0.25513462,0.09202334,65.62231337,12.03912934,715.9463757,884.0671721,5309.653893,-36.5481209,176.8155738,80.1147541,0.158178067,1.772997359,29.51978372,0.272002913,3.257472492,3.219002862,3.332148833,-0.136906624,-0.331291402,2.936137936,25.24286603,0.252089222,1.504841408,19.46110694,10.81449187,1426.770689,3.202030967,662.0170737,7024.101852,358.5595807,656.6992131,-19.46110694,358.2201428,632.3728294,2700.794317,87.17897031,86.73,55.18260373
45,968659,654,NSIS,NA,7,NSIS 2,2F,CTTGCT,ACCATC,3,5,1,0,0,0,0,0,6,0,3,2,0,0,0,0,349,0,0,436,0,263,218,1,0,73,2,0,0,0,0,0,0,0,0,0,0,1,164,0,0,1,0,0,118,0,0,0,15,0,0,0,68,0,0,0,0,1,0,0,0,1,44,0,0,0,0,0,0,1,0,2,0,0,31,0,0,0,27,0,0,0,0,0,0,0,0,0,0,0,0,0,0,0,0,0,0,0,0,1830,366,NH600800,STRATH RUSDALE,V0,259958,879999,670,5,SF1,60,PEAT,REC,L,ORG,0,8,0.065954181,45.3182202,0,3.95,6.83940474,11.05071792,1.60725281,2.79783133,0.58153315,0.00519636,0.02236961,64.08972282,25.80913928,772.2733589,107.7243812,237.2753713,167.9136077,119.3539604,-314.9009901,0.751763555,0.981456582,20.67349777,0.48054347,3.611391091,5.300608301,7.031465109,-0.299354949,-0.693243039,4.00752997,15.48542892,0.567423929,0.253551391,23.00306447,81.70364387,204.596728,-103.6600914,1880.534282,-432.9392809,1233.43242,1518.157239,213.1497266,424.6113613,679.8508438,1217.676896,-9.184344871,90.36,399.3478252
46,968682,670,NSIS,NA,7,NSIS 2,4F,GACTTC,ACCATC,1,10,0,0,0,0,0,0,0,0,6,0,0,0,0,0,0,0,0,1,0,0,0,0,0,0,0,0,0,1,0,0,0,0,0,0,0,0,0,0,0,0,0,0,0,0,0,0,0,0,0,0,0,0,0,0,0,0,0,0,0,0,0,0,0,0,0,0,0,0,0,0,0,0,0,0,0,0,0,0,0,0,0,0,0,0,0,0,0,0,0,0,0,0,0,0,0,0,0,8,0.8,NG200400,SKYE,V0,120023,839996,130,3,CU1C,65,PEAT,NOR,O,ORG,0,20,0.088507937,43.4705197,0,4.42,6.17239988,10.30738988,3.78313876,1.66395124,0.01239728,0.10250157,0.10718774,56.64161972,27.90797827,1588.572996,1888.329467,6504.735861,-37.03992418,471.897541,98.80327869,0.166660047,4.181370921,23.97002107,0.380546389,3.823307579,7.990403549,11.82441734,0.257424941,0.125738522,6.474879637,35.78254262,0.260993679,2.744359236,26.06368048,14.7388864,3245.172083,5.156825873,1949.720324,9530.908625,718.7437583,1433.442947,-16.59462997,952.377115,1580.950769,4338.395377,146.4372007,91.05,234.9748063
47,968715,655,NSIS,NA,7,NSIS 2,2G,CTTGCT,TTCTGC,3,5,5,0,0,0,0,0,0,8,9,0,0,0,1,0,0,0,0,2072,0,0,1,0,0,0,0,0,0,0,0,0,0,0,0,0,0,0,0,0,0,0,0,0,0,0,0,0,0,0,0,0,0,2,0,0,0,0,0,0,0,0,0,0,0,0,0,0,0,0,0,0,0,0,0,0,0,0,0,0,0,0,0,0,0,1,0,0,0,1,0,0,0,0,0,0,0,0,0,2103,420.6,NF800200,UIST,V0,80004,819962,95,17,ES1A,52,PEAT,NOR,O,ORG,26,44,0.211905905,40.3132395,0,4.34,1.66214779,4.43422256,2.32707378,0.32515362,-2.96E-05,0.01494365,0.10747672,59.76188958,12.76972051,341.9372702,4154.031468,2391.192164,1.833575871,79.36567164,109.4029851,0.517912159,0.889710047,22.97332254,0.056563188,2.133158916,10.06820362,2.811742049,-0.382086084,-0.363151425,4.622026732,7.091193748,0.626485461,1.375772579,31.35710771,8.727454691,6564.744574,10.12730603,1323.237111,3494.703139,390.6230975,1000.691224,-7.381233313,976.2841214,174.2426369,1765.410637,476.7593759,74.04,81.72517686
48,968757,656,NSIS,NA,7,NSIS 2,2H,CTTGCT,TCAAGC,1,10,0,0,0,0,0,0,0,0,0,0,0,0,0,0,0,0,0,3,0,0,0,0,0,0,0,0,0,0,0,0,0,0,0,0,0,0,0,0,0,0,0,1,0,0,0,0,0,0,0,0,0,0,0,0,0,0,0,0,0,0,0,0,0,0,0,0,0,0,0,0,0,0,0,0,0,0,0,0,0,0,0,0,0,0,0,0,0,0,0,0,0,0,0,0,0,0,0,4,0.4,NH400200,LEVISHIE,V0,240004,819886,460,12,CU2D,34,RANK,NOR,O,ORG,2,23,0.1941769,40.5023529,0,4.42,0.78231115,1.42259835,0.47981869,0.88233422,0.00380158,0.11431116,0.87307534,65.10655891,5.194225004,834.0353584,9374.681404,5185.367611,-35.62291256,345.0862069,182.955665,0.194063759,1.99895002,25.28426863,0.339728204,3.923260133,6.599800562,7.430169532,-0.134818333,-0.425214222,3.722665381,16.81730414,0.279316528,2.432794482,8.915970188,16.09423003,13038.65882,2.017609997,307.073244,7461.658243,617.5286089,298.4430047,-15.25453107,158.3765535,930.6663454,2213.539754,525.2783483,79.46,118.4422844
49,968765,635,NSIS,NA,7,NSIS 1,12C,CTCACA,CACTTC,2,10,2,0,0,0,0,0,0,0,4,0,0,0,0,0,0,0,0,0,0,0,0,0,0,461,0,0,0,0,0,0,0,0,0,0,0,0,0,0,0,0,0,0,0,0,0,0,0,0,0,0,0,0,0,0,0,0,0,0,0,0,0,0,0,0,0,0,0,0,0,0,0,0,0,0,0,1,0,0,0,0,0,0,0,0,0,0,0,0,0,0,0,0,0,0,0,0,0,468,46.8,NH200200,CREAG CALMAN,V0,219999,820010,455,4,ES1C,62,GLEY,REC,O,ORG,0,44,0.178587302,48.6485429,0,4.16,5.66064662,10.32800904,1.02606888,0.71953482,0.00221095,0.01809421,0.04637984,78.2391439,18.47830624,602.1372027,1224.220889,2183.868563,3.829977159,113.6337209,142.4750831,0.13733982,3.322047603,49.05958472,0.563881276,4.603135428,4.101057071,5.669207633,-0.200381048,-0.928056945,3.657516998,49.28473197,0.299445836,2.932542868,48.78940803,27.20904458,1953.152352,0.960253001,2709.647096,2526.152091,376.4461939,1454.451204,-16.87478603,253.1780772,416.4098299,2939.297286,137.1146723,83.63,113.0033419
50,968777,636,NSIS,NA,7,NSIS 1,12D,CTCACA,GAAGTC,1,10,3,1,0,0,0,0,0,0,3,0,0,0,0,0,0,0,0,0,0,0,0,0,0,1,0,0,0,0,0,0,0,0,0,0,0,0,0,0,0,0,0,0,0,0,0,0,0,0,0,0,0,0,0,0,0,0,0,0,0,0,0,0,0,0,0,0,0,0,0,0,0,0,0,0,0,0,0,0,0,0,0,0,0,0,0,0,0,0,0,0,0,0,0,0,0,0,0,8,0.8,NH400000,CORRIEYARACK,V0,240036,799968,580,10,ES1G,94,PEAT,NOR,O,ORG,20,95,0.135190476,48.9505551,0,3.35,1.51224333,7.25376198,1.1451007,0.55621633,0.0018549,0.00657753,0.01271324,84.43464708,11.02961551,608.8072829,508.5213405,1166.100123,12.58149054,56.60773026,-5.180921053,0.594908885,0.076922268,18.24970161,0.125438674,2.239736107,0.774939725,1.424777073,-0.862601068,-1.447196854,2.219558304,16.92693454,0.888047519,-1.001267413,29.40354258,10.21893611,692.5470304,2.837223266,771.1283622,732.790537,283.3860299,1193.85333,-12.94742344,287.1973927,501.6425965,2448.240069,45.46731556,89.03,344.9979368
51,968788,637,NSIS,NA,7,NSIS 1,12E,CTCACA,TAGCTC,1,10,0,0,0,0,0,0,0,0,1,0,0,0,0,0,0,0,0,0,0,0,0,0,0,1,0,0,0,0,0,0,0,0,0,0,0,0,0,0,0,0,0,0,0,0,0,0,0,0,0,0,0,0,0,0,0,0,0,0,0,0,0,0,0,0,0,0,0,0,0,0,0,0,0,0,0,0,0,0,0,0,0,0,0,0,0,0,0,0,0,0,0,0,0,0,0,0,0,2,0.2,NC800200,GORDONBUSH,V0,280038,919981,230,8,ES1A,105,PEAT,NOR,O,ORG,30,56,0.089365079,49.1754135,0,3.88,3.06223054,12.26355919,1.93652362,0.22722375,0.00152548,0.00300575,0.00519938,79.89838707,17.95863014,386.1075181,298.8095613,536.5709851,2.327228891,-1.229304636,80.41390728,0.531132735,-0.310841041,18.19996819,-0.03493583,1.838016589,0.851997273,2.403386888,-0.775300625,-1.342472901,1.297423475,4.6243236,0.79534762,-0.939505783,32.51442336,8.153946143,404.881718,15.97002159,1247.869106,1.368376321,126.4762641,1896.580843,-14.51717759,472.005363,262.9760255,3431.640041,36.90674242,93.76,175.2608419
52,968798,638,NSIS,NA,7,NSIS 1,12F,CTCACA,ACCATC,2,10,0,0,0,0,0,0,0,0,1,0,0,0,0,0,0,0,0,739,0,1,0,0,0,1,0,0,0,0,0,0,0,0,0,0,0,0,0,0,0,0,0,0,0,0,0,0,0,0,0,0,0,0,0,0,0,0,0,0,0,0,0,0,0,0,0,0,0,0,0,0,0,0,0,0,0,0,0,0,0,0,0,0,0,2,0,0,0,2,0,0,0,0,0,0,0,0,0,747,74.7,NC800400,Coire nam Mang,V0,280026,939940,270,13,SC1A,53,PEAT,NOR,O,ORG,4,34,0.134455706,46.9741719,0,3.57,5.26632092,10.91556697,2.05327123,0.76541046,0.00327052,0.01204358,0.01817259,80.2365129,19.14664267,546.7624698,347.2772838,712.2167618,-37.83744494,97.15742251,171.9738989,0.087561593,1.248708524,19.45553356,0.258276885,3.45031728,2.723073177,2.53249313,-0.272541158,-0.985170227,2.111580145,17.56142512,0.283531664,1.517625154,38.26800561,17.84203378,780.0920667,-2.838824248,1915.154085,583.8998473,361.0498055,1601.807751,-22.82283744,503.92638,364.0897326,2594.460875,70.94722214,87.1,98.90375653
53,968872,659,NSIS,NA,7,NSIS 2,3C,GAAGTG,CACTTC,2,10,10,32,8,12,0,0,22,16,710,11,0,0,116,2,19,35,3,2651,10,261,7,37,0,2,18,0,0,2,0,3,0,30,0,10,0,0,0,0,0,0,0,1,18,0,4,4,0,0,0,1,1,0,0,70,0,29,0,0,53,0,0,0,0,0,0,0,3,41,11,63,30,0,0,37,32,4,0,3,0,8,23,11,0,30,4,0,0,39,0,0,13,0,0,0,0,0,12,4582,458.2,NN200400,NORTH LORN,V0,219986,739985,425,15,CU1C,14,RANK,NA,O,ORG,0,14,0.202819978,25.3562677,0,4.26,0.775785,1.6459532,0.45455791,0.51375301,0.00335843,0.09244378,0.30650659,47.76060722,6.627576971,715.8308795,5205.889762,5504.751439,-32.72097656,287.9235197,235.0657895,0.197298665,3.200959674,24.07216968,0.233791338,3.265931792,14.51043966,3.627609915,-0.198381533,-0.366767605,4.094326295,28.19789916,0.256315005,2.782972383,12.98359489,14.15309301,9143.742724,4.245927904,645.3897043,8440.960982,851.2430312,405.3177287,17.61827263,357.5632221,429.6822729,1277.784985,1159.752304,72.32,103.9697664
54,968878,660,NSIS,NA,7,NSIS 2,3D,GAAGTG,GAAGTC,1,10,17,0,0,0,0,0,0,0,67,5,0,0,0,0,0,0,0,10,0,7,1,1,0,0,0,0,0,1,0,0,0,1,1,0,0,0,0,0,0,1,0,3,0,0,2,1,0,0,0,0,0,0,0,0,0,0,0,0,0,0,0,0,0,0,0,0,0,0,0,0,0,0,0,0,0,1,0,0,0,0,0,0,0,0,0,0,0,0,0,0,0,0,0,0,0,0,0,119,11.9,NN400400,LOCH LYON,V0,239952,740154,411,3,ES1F,50,PEAT,NOR,O,ORG,8,17,0.081898795,46.104617,0,4,8.35229868,5.70978501,1.03793508,0.8697677,0.14769509,0.04330527,0.0274934,56.84249827,21.93281879,1232.654512,703.0684747,4545.65885,49.76940661,106.5068515,-48.79282219,1.201043271,5.181350811,74.06813343,0.715840022,7.73385264,4.070328809,9.184448545,0.440078664,1.465409532,6.139678506,98.72712431,0.781817636,2.573013004,22.7901949,37.25057357,1689.892952,7.06154189,3241.905225,5907.218518,539.4439133,992.171135,83.50327412,343.3342862,1175.974057,4344.950658,35.79200109,93.74,321.3710028
55,968901,661,NSIS,NA,7,NSIS 2,3E,GAAGTG,TAGCTC,2,10,2,0,0,24,0,3,0,0,1,0,0,0,3,0,6,0,1,15,8,0,0,181,0,0,0,0,0,82,280,0,60,199,194,0,0,192,0,0,0,0,0,0,0,118,98,5,26,0,0,68,0,0,0,0,0,0,54,0,0,0,0,0,0,0,0,0,0,1,0,0,0,0,0,0,1,0,26,0,0,0,0,0,0,0,0,0,0,1,0,0,0,0,0,0,0,0,0,1652,165.2,NG800600,TORRIDON,V0,179997,860010,40,25,PS4,86,PODZ,NOR,A,MIN,0,10,0.517511985,6.8040335,2.968,5,1.29496624,1.37820997,0.25720057,0.37569671,0.05007682,0.02427558,0.16569013,16.01956808,17.10718621,409.2024508,2510.250373,5784.22699,52.08233209,212.9477612,227.8109453,0.12810849,4.856951277,27.20947787,0.128056771,4.198048506,35.61902188,6.025288295,-0.107007051,-0.070182972,8.776750418,14.68825645,0.132246027,0.681659225,13.89178057,19.05335801,8962.939584,34.3363854,1720.181019,23485.69455,1214.367117,2238.407532,133.8493228,255.0274385,258.9063795,382.4118597,1023.00603,34.13,59.64098966
56,968944,662,NSIS,NA,7,NSIS 2,3F,GAAGTG,ACCATC,1,10,0,0,0,0,0,0,1,0,1,0,0,0,0,0,0,1,0,1,0,0,0,0,0,0,0,0,0,1,1,0,0,0,0,0,0,0,0,0,0,0,0,0,0,0,0,0,0,0,0,0,0,0,0,0,0,0,0,0,0,0,0,0,0,0,0,0,0,0,0,0,0,0,0,0,0,0,0,0,0,0,0,0,0,0,0,0,0,0,0,0,0,0,0,0,0,0,0,6,0.6,NB000000,LEWIS,V0,99984,899985,60,3,ES1E,55,PEAT,REC,O,ORG,0,20,0.087142857,38.2667347,0,4.82,7.46607204,9.16171581,4.35966627,1.14138134,0.03516545,0.18333678,0.32043268,42.53952349,34.21895316,1077.51986,3920.261323,32827.74168,13.97020495,231.0998377,247.8409091,0.603423656,7.88232238,26.1937055,0.310819674,4.217278816,13.61565413,36.67349348,-0.372499395,3.45175855,6.298248817,71.21413682,0.729434748,2.044077458,31.40477719,12.64722488,5771.377188,43.68307664,2649.345741,38933.16173,567.3381371,1431.891823,10.61467634,1133.523382,1189.78451,6297.095925,258.0172223,90.48,177.7169209
57,968984,643,NSIS,NA,7,NSIS 2,1C,CTGAAC,CACTTC,1,10,1,0,0,4,0,0,0,0,14,0,0,0,0,0,0,0,0,6,0,1,0,0,0,0,0,0,0,0,0,0,0,1,0,0,0,0,0,0,0,0,0,0,0,0,0,0,0,0,0,0,0,0,0,0,0,0,0,0,0,0,0,0,0,0,0,0,0,0,0,0,0,0,0,0,0,0,0,0,0,0,0,0,0,0,0,0,0,0,14,0,0,0,0,0,0,0,0,41,4.1,NM800800,MOIDART,V0,180048,780023,475,36, N4A,34,RANK,SH,O,ORG,1,16,0.297131311,28.9092931,0,4.31,0.29509903,0.97009955,0.41825527,0.49575245,0.00217562,0.10947167,0.48540976,47.06889775,4.42495471,928.377701,6955.524005,13789.20211,3.823625622,394.7885572,166.119403,0.648063013,6.52246195,29.70059467,0.287318577,2.250111768,45.02425211,11.98811994,-0.213892718,2.196170732,5.63408612,67.9546964,0.657640299,7.69265217,7.763105767,17.00793876,12604.58892,50.8807074,366.0284554,25715.56306,940.885777,927.8958949,18.5931447,150.1542295,746.4778816,1917.658855,3574.419232,73.65,131.0934089
58,968992,663,NSIS,NA,7,NSIS 2,3G,GAAGTG,TTCTGC,1,10,0,0,0,0,0,0,0,0,3,0,0,0,0,0,0,0,0,1,0,0,0,0,0,1,0,0,0,0,0,0,0,0,0,0,0,0,0,0,0,0,0,0,0,0,0,0,0,0,0,0,0,0,0,0,0,0,0,0,0,0,0,0,0,0,0,0,0,0,0,0,0,0,0,0,0,0,0,0,0,0,0,0,0,0,0,0,0,0,0,0,0,0,0,0,0,0,0,5,0.5,NM800600,MORVERN,V0,179984,759957,100,24, Y3B,40,GLEY,NOR,A,MIN,3,16,0.660989698,4.9247101,1.491,4.48,0.52169935,1.30223882,0.25111953,0.15339163,0.03094659,0.02427641,0.11553711,12.83390888,14.79482362,762.1226563,2565.866516,7209.042628,86.33549629,365.0041186,623.6738056,0.12391524,2.666647729,11.39834952,0.085217457,7.322731993,34.43176372,5.259193322,-0.13508202,0.444304062,19.9355332,17.45002403,0.13508202,0.758003108,13.13254536,29.51220519,8341.636375,28.19483387,2778.315533,21268.34247,418.0080955,5557.660262,216.2856119,295.6881099,517.6857614,363.1004705,3557.931764,42.44,18.29007392
59,969003,664,NSIS,NA,7,NSIS 2,3H,GAAGTG,TCAAGC,1,10,0,0,0,0,0,0,0,0,0,0,0,0,0,0,21,0,0,61,0,0,0,0,0,0,0,0,0,0,0,0,0,0,0,0,0,0,0,0,0,0,0,0,0,0,0,0,0,0,0,0,0,0,0,1,0,0,0,0,0,0,0,0,0,0,0,0,0,0,0,0,0,0,0,0,0,0,0,0,0,0,0,0,0,0,0,0,0,0,0,0,0,0,0,0,0,0,0,83,8.3,HY200000,Rackwick,V0,320000,1000000,38,8,SC1A,35,PODZ,REC,O,ORG,0,15,0.316386723,46.4966825,0,4.39,3.04449609,6.22602283,1.27538196,0.48656824,0.00087912,0.00512129,0.01594551,34.69280238,24.12772797,290.0881088,893.4222177,646.2993044,3.282563421,-3.670212766,66.23567921,0.533773964,0.345848861,27.75124592,0.068263481,1.690700905,3.825171734,1.065672844,-0.59627677,-0.8924359,2.973050144,7.287827193,0.713469532,-0.550962236,27.93875433,11.34425931,1791.747109,-1.23130528,957.2304757,334.8066981,402.3097287,797.535806,-11.11508235,264.8035552,104.4838576,1438.606254,98.8273536,56.75,66.59982475
60,969014,644,NSIS,NA,7,NSIS 2,1D,CTGAAC,GAAGTC,2,10,23,0,0,163,0,0,0,1,8,2,0,0,0,0,0,0,0,8,0,2,0,0,0,0,0,0,0,0,0,0,0,0,0,0,0,0,0,0,0,0,0,0,0,0,0,0,0,0,0,0,0,0,0,0,0,0,0,0,0,0,0,0,0,0,0,0,0,0,0,0,0,0,0,0,0,0,0,0,0,0,0,0,0,0,0,0,0,0,0,0,0,0,0,0,0,0,0,207,20.7,HY400200,Hackland,V0,340000,1020000,25,2,AR2A,63,GLEY,REC,A,MIN,0,37,0.703348682,6.9391729,0,5.44,8.95672147,1.93244902,0.33724254,0.2709425,0.03133364,0.01377485,0.07937464,9.085726443,55.85827985,1003.151476,3390.00162,5484.865241,69.11236919,488.1353821,266.0631229,0.243964787,16.68851572,91.77131709,0.133570203,6.492277506,42.51795125,13.61567681,-0.196061608,0.884605142,23.68775992,16.91613342,0.309560068,0.299058616,32.01132526,53.64535278,15457.31091,40.66079777,2739.689376,21375.37104,1493.482483,6807.838404,150.2794116,186.1291989,782.6944913,995.3101132,236.3602862,40.18,45.09990306
61,969024,645,NSIS,NA,7,NSIS 2,1E,CTGAAC,TAGCTC,2,10,5,0,6,7,0,1,5,5,520,9,0,0,1,0,0,0,0,154,1,96,11,0,0,2,0,1,0,1,0,0,0,0,0,0,0,1,0,0,0,0,0,1,0,0,9,1,1,0,0,0,0,0,0,0,0,1,0,0,0,0,0,0,0,0,0,0,0,2,0,3,0,8,0,0,3,0,0,0,25,0,0,7,0,3,3,0,0,12,2,0,0,0,0,0,0,0,0,908,90.8,HU400400,Scalloway,V0,439987,1140002,70,10, N4,56,GLEY,SH,A,MIN,0,25,0.338265376,10.8184054,0.88,4.95,2.57851753,2.89123989,0.97636949,0.50262543,0.07322637,0.09326336,0.15452712,15.13389887,31.46702031,774.3446962,2248.57303,7594.234606,-8.036705665,355.4310345,254.6305419,0.106032071,3.705371251,44.00749234,0.236062526,5.31206038,15.84206983,8.32362217,0.014822531,0.448701793,7.14200244,26.94197553,0.117900553,1.19887347,24.08203751,23.88858649,8527.529999,25.4048242,2003.002295,16103.49013,1639.628086,2206.910124,121.8218571,342.1468812,629.5000686,1311.807037,1195.736426,68.23,75.38167401
62,969043,646,NSIS,NA,7,NSIS 2,1F,CTGAAC,ACCATC,2,10,0,0,0,206,0,0,0,0,5,0,0,0,0,0,777,649,0,298,0,2,0,0,0,8,0,0,0,1,0,0,0,0,0,0,0,0,0,0,0,0,0,0,3,0,0,0,0,0,0,0,0,0,0,0,0,0,0,0,0,0,0,0,0,0,0,0,0,0,0,5,0,0,0,0,0,0,0,0,0,0,0,0,0,0,0,0,0,0,0,0,0,0,0,0,0,0,0,1956,195.6,HU400600,West Kame,V0,440003,1159999,90,0,ES1B,15,PEAT,NOR,O,ORG,0,15,0.118090096,45.0139888,0,3.86,8.11791013,16.65208167,3.17582157,0.73188183,0.00496952,0.00431387,0.00842726,65.81962739,30.34762723,377.5447714,288.8573383,911.5901741,3.326113184,8.221393035,74.57711443,0.665945525,5.926846919,18.48584692,0.874807156,1.895225905,5.298896919,7.140656068,-0.242534312,-0.510550652,3.469651268,112.4053252,0.790511694,1.141003351,54.39958151,39.96355706,568.1127354,6.021266937,2564.129166,604.0605977,374.6085778,2421.930344,-11.87644565,820.2028078,298.0487318,2973.661775,49.20079256,85.5,99.10175377
63,1018737,672,NSIS,NA,7,NSIS 2,4H,GACTTC,TCAAGC,1,10,0,0,0,0,0,0,0,0,7,0,0,0,0,0,0,0,0,0,0,0,0,2,0,0,0,0,0,0,0,0,0,0,0,0,0,0,0,0,0,0,0,0,0,0,0,0,0,0,0,0,0,0,0,0,0,0,0,0,0,0,0,0,0,0,0,0,0,0,0,0,0,0,0,0,0,0,0,0,0,0,0,0,0,0,0,0,0,0,0,0,0,0,0,0,0,0,0,9,0.9,NC4020065100,LOCH MEADAIDH 3,V0,240149,965053,100,4, N3A,20,REND,NOR,A,MIN,0,10,0.460593926,11.8313891,0,6.67,30.57779342,13.39204821,0.36322591,0.46126136,0.15559372,-0.02978018,0.03375851,4.410193895,91.03701521,1049.668048,3368.784893,4915.697865,3324.614122,455.3464696,203.7980296,0.21,5.4,53.59,0.79,5.22,28.62,12.94,0.11,1.28,24.16,48.21,-0.03,1.07,14.72,227.5,13900,60.83,13750,26270,3065,6751,2998,169,1037,1753,157.3,53.59,56.18738334
64,1018752,608,NSIS,NA,7,NSIS 1,8H,CCATAC,TCAAGC,2,10,0,0,0,0,0,0,0,0,14,0,0,0,4,0,0,0,0,44,0,12,0,0,0,0,0,0,0,7,0,0,0,8,0,0,0,0,0,0,0,0,0,0,0,0,0,0,0,0,0,0,0,0,0,0,0,0,0,0,0,0,0,0,0,0,25,0,0,0,0,0,0,0,0,0,2,0,0,0,0,0,0,0,0,0,0,0,0,0,0,0,0,0,0,0,0,0,0,116,11.6,NL945468,HOUGH,V9,94505,746710,30,2,FS1,NA,REG,NOR,A,MIN,0,8,0.659714286,13.0828716,0,7.48,46.27286163,1.78687424,0.40657965,0.31200865,0.04495052,-0.01522216,0.02603335,0.03,NA,596.9612276,NA,NA,NA,NA,NA,0.02,5.52,19.04,0.15,1.45,5.09,3.71,0.12,0.36,8.87,9.43,-0.005,0.34,1702,17.02,1648,18.55,215600,2598,351.8,3088,81.47,2528,730,1902,147.1,28.08,34.03581551
65,1018753,607,NSIS,NA,7,NSIS 1,8G,CCATAC,TTCTGC,2,10,1,0,0,0,1,0,0,0,939,0,22,0,105,0,0,0,0,0,0,0,0,0,0,0,0,0,314,0,0,0,0,0,0,0,0,0,0,0,0,0,0,0,0,0,0,0,0,0,0,0,0,0,0,0,0,0,0,0,0,0,0,0,0,0,0,0,0,0,0,0,0,0,0,0,0,0,0,0,0,0,0,0,0,0,0,0,0,0,0,19,0,0,0,0,0,13,0,1414,141.4,NL945468,HOUGH,V12,94489,746726,30,2,FS1,NA,REG,NOR,A,MIN,0,8,0.829203208,13.0394861,0,7.43,44.12270075,1.63313809,0.39537399,0.27174996,0.03993384,-0.02038706,0.01715694,1.045841371,NA,639.2144626,NA,NA,NA,NA,NA,0.02,5.26,18.63,0.17,1.58,4.5,3.44,0.06,0.26,8.76,8.53,-0.01,0.37,1677,11.96,1464,16.63,211900,2439,330.2,3360,78.75,2628,659.2,2111,170,24.12,38.25308345
66,1018760,613,NSIS,NA,7,NSIS 1,9E,CCTGTA,TAGCTC,3,5,2,0,0,0,0,0,1,0,234,0,0,5,870,0,0,0,0,0,0,0,0,546,0,0,0,0,0,0,0,0,0,0,0,0,0,0,0,0,0,0,0,0,0,0,0,0,0,172,0,0,0,0,0,0,0,0,0,0,0,0,0,8,0,0,0,0,0,0,0,0,0,0,0,0,0,0,0,0,0,29,0,2,0,0,0,0,0,0,0,0,0,0,15,0,4,0,0,1892,378.4,NL941472,HOUGH,V1,94119,747045,30,2,FS1,NA,REG,NA,A,MIN,4,25,1.012380952,9.548629,0,7.92,27.19013601,1.53311087,0.34480389,0.11818901,0.01657689,0.00814254,0.00917088,0.471403688,NA,172.7584237,NA,NA,NA,NA,NA,0.02,6.59,19.78,0.1,2.01,8.73,2.81,-0.01,0.18,12.4,0.95,-0.001,0.15,2080,11.36,2033,6.68,237900,3541,382.7,5443,89.66,3255,221.2,1966,345.5,18.57,5.753421025
67,1018761,614,NSIS,NA,7,NSIS 1,9F,CCTGTA,ACCATC,2,10,1,0,0,37,7,1,1,0,130,0,0,1,594,1,0,0,0,76,2,0,0,321,0,0,0,0,0,1,0,0,0,0,0,1,0,0,0,164,135,0,0,0,0,0,0,0,0,0,0,0,0,0,0,0,0,0,0,0,0,0,0,0,47,0,0,0,0,0,0,0,0,0,0,0,0,0,0,0,0,0,0,2,0,0,0,0,0,2,0,0,0,0,0,0,0,6,0,1534,153.4,NL941472,HOUGH,V6,94115,747061,30,2,AA2,NA,REG,NOR,A,MIN,0,19,0.705238095,11.1084673,0,7.58,35.13518939,2.97037194,0.48017834,0.24697852,0.02724198,0.01048115,0.00913656,0.03,NA,446.6289417,NA,NA,NA,NA,NA,0.03,5.06,18.31,0.11,1.58,6,2.4,-0.08,0.15,8.92,3.44,NA,0.2,1833,11.98,1458,16.59,246000,2517,352.2,4706,69.71,3370,437.1,2127,181.6,15.87,39.43130233
68,1018762,612,NSIS,NA,7,NSIS 1,9D,CCTGTA,GAAGTC,1,10,5,0,0,0,0,0,0,0,2,0,0,0,1,0,0,0,0,0,0,0,0,0,0,0,0,0,0,0,0,0,0,0,0,0,0,0,0,0,1,0,0,0,0,0,0,0,0,0,0,0,0,0,0,0,0,0,0,0,0,0,0,1,0,0,0,0,0,0,0,0,0,0,0,0,0,0,0,0,0,0,0,0,0,0,0,0,0,1,0,0,0,0,0,0,0,0,0,11,1.1,NL941472,HOUGH,V9,94135,747061,30,2,FS1,NA,REG,NOR,A,MIN,0,13,0.69952381,11.7936639,0,7.48,38.34894328,1.53695486,0.47402372,0.17778836,0.02429291,-0.01802829,0.01175634,1.243810323,NA,591.3374592,NA,NA,NA,NA,NA,0.02,5.72,18.76,0.16,1.82,7.08,3.67,0.01,0.23,9.54,6,-0.003,0.32,1895,15.55,1827,17.55,233200,3093,296.3,3365,71.79,2879,539.6,1936,227.7,27.29,36.00158106
69,1018763,611,NSIS,NA,7,NSIS 1,9C,CCTGTA,CACTTC,2,10,0,0,0,4,0,0,0,0,355,0,0,0,85,0,17,0,0,65,13,48,0,86,0,0,0,0,0,0,0,0,0,64,0,0,0,0,0,0,37,0,32,0,0,0,0,0,0,94,0,0,0,0,57,0,0,0,0,44,0,0,0,6,0,0,44,0,7,4,0,1,0,0,0,0,5,0,0,0,0,0,0,3,0,5,0,0,0,5,0,0,0,0,0,0,0,2,0,1084,108.4,NL941472,HOUGH,V11,94119,747069,30,2,FS1,NA,REG,NOR,A,MIN,0,13,0.710761905,13.01361,0,7.35,42.92995229,2.09984286,0.62528176,0.16454851,0.01643587,0.01065968,0.01018646,0.03,NA,578.7784993,NA,NA,NA,NA,NA,0.02,5.55,19.18,0.16,1.75,6.13,3.47,0.09,0.31,8.54,9.12,0.001,0.37,1922,12.84,1488,21.5,240800,2632,367.3,2773,75.85,2628,536.1,1946,165.4,39.03,30.76006834
70,1018853,671,NSIS,NA,7,NSIS 2,4G,GACTTC,TTCTGC,1,10,0,0,0,0,0,0,0,0,1,0,0,0,0,0,0,0,0,1,0,0,0,0,0,0,0,0,0,0,0,0,0,0,0,0,0,0,0,0,0,0,0,0,0,0,0,0,0,0,0,0,0,0,0,0,0,0,0,0,0,0,0,0,0,0,0,0,0,0,0,0,0,0,0,0,0,0,0,0,0,0,0,0,0,0,0,0,0,0,0,0,0,0,0,0,0,0,0,2,0.2,NC264212,GLENBAIN P,V0,226528,921092,190,30, N3A,40,REND,NOR,A,MIN,0,19,0.395605795,12.9763568,0,7,34.76891792,15.53501578,0.20779961,0.26281024,0.0953551,0.00815303,0.01916307,4.587114169,91.71427598,1042.639987,4462.934426,14050.2623,2593.262295,824.6819672,326.3655738,0.5,49.66,72.24,0.63,16.45,37.22,28.81,0.19,7.41,33.76,66.85,0.02,2.87,24.3,103.1,18340,52.21,18560,37740,3685,10440,3054,153.6,1330,2564,380.3,65.47,64.9004627
